http://en.wikipedia.org/wiki/Digimon:_The_Movie		Soundtrack	3	Performer(s)	Smash Mouth___Fatboy Slim___LEN___Paul Gordon___Barenaked Ladies___The Mighty Mighty Bosstones___Less Than Jake___Jasan Radford___Summercamp___Showoff___Jason Gochin___Paul Gordon___Paul Gordon___Paul Gordon___Jasan Radford___Jasan Radford"	LEN	-0.892319277	0
http://sk.wikipedia.org/wiki/%C4%8Clovek_(Homo)		Systematika	25	Klas. 24	x___x___x___x___Homo kadabba___Homo ramidus___Homo walkeri___Homo boisei___Homo robustus___Homo afarensis___Homo africanus___Homo anamensis___Homo bahrelghazali___Homo garhi___PL___RU___HA___ERG a GE___ERE a PE___AN___HE a NE___SA___NE	RU	-0.888198758	0
http://nl.wikipedia.org/wiki/Lijst_van_havezaten_in_Overijssel		Lijst van havezaten in Overijssel	4	Schout-/richterambt	Dalfsen___Almelo___Ommen en Den Ham___Bathmen___Olst___Delden___Ommen en Den Ham___Almelo___Vollenhove (stad)___Dalfsen___Hardenberg___Ootmarsum___Rijssen (stad)___Bathmen___Enschede___Vollenhove___Oldenzaal___Colmschate___Olst___Olst___Ootmarsum___Heino___Zalk___Zwolle___Hardenberg___Hellendoorn___Diepenheim___Dalfsen___Olst___Zwolle___Bathmen___Delden___Ommen en Den Ham___De Eeze___Ootmarsum___Hellendoorn___Kedingen___Oldenzaal___Kedingen___Wijhe___Dalfsen___Zwolle___Gramsbergen (stad)___Kedingen___Borne___Hardenberg___Hasselterambt___Olst___Zwolle___Wijhe___Delden___Vollenhove (stad)___Kedingen___Hardenberg___Delden___Ootmarsum___Wijhe___Olst___Raalte___Hardenberg___Olst___Oldenzaal___IJsselmuiden___Vollenhove (stad)___Kedingen___Zwolle___Wijhe___Dalfsen___Ommen en Den Ham___Wijhe___Dalfsen___Vollenhove (stad)___Raalte___Vollenhove (stad)___Dalfsen___Ommen en Den Ham___Vollenhove (stad)___Diepenheim___Wijhe___Oldenzaal___Delden___Kedingen___Vollenhove___Vollenhove (stad)___Kedingen___Vollenhove (stad)___Kedingen___Ommen en Den Ham___Dalfsen___Ootmarsum (stad)___Zwolle___Oldemarkt___Diepenheim___Vollenhove (stad)___Staphorst, Rouveen en IJhorst___Hardenberg___Colmschate___Dalfsen___Raalte___Hellendoorn___Vollenhove (stad)___Vollenhove___Dalfsen___Oldenzaal___Goor (stad)___Raalte___Hellendoorn___Ootmarsum___Kedingen___Vollenhove___Vollenhove___Delden___Dalfsen___Raalte___Hardenberg___Zwolle___Zwolle___Colmschate___Diepenheim___Ootmarsum___Kedingen___Kedingen___Borne___Zwolle___Kedingen___Vollenhove (stad)___Zwolle___Zwolle___Kamperveen___Ootmarsum___Zwolle___Zwolle___Wanneperveen"	Wijhe	-0.913082707	0
http://es.wikipedia.org/wiki/Anexo:Episodios_de_Elementary		Temporada 1 (2012-2013)	7	Audiencias	11.13 (millones, en EE.UU.)___10.91 (millones, en EE.UU.)___10.31 (millones, en EE.UU)___10.49 (millones, en EE.UU)___10.90 (millones, en EE.UU)___10.75 (millones, en EE.UU)___10.46 (millones, en EE.UU)___10.31 (millones, en EE.UU)___10.46 (millones, en EE.UU)___11.44 (millones, en EE.UU)___11.48 (millones, en EE.UU)___10.90 (millones, en EE.UU)___20.80 (millones, en EE.UU)___10.84 (millones, en EE.UU)___10.98 (millones, en EE.UU)___11.19 (millones, en EE.UU)___11.33 (millones, en EE.UU)___10.48 (millones, en EE.UU)___10.07 (millones, en EE.UU)___9.75 (millones, en EE.UU)___9.29 (millones, en EE.UU)___-___-"	-	-0.908695652	1
http://en.wikipedia.org/wiki/SMS_M%C3%B6we	Ships sunk or captured by Moewe on her second raiding voyage	Raiding career	5	Fate	sunk___sunk___sunk___sunk___sunk___sunk___retained as prize; detached to Swinemunde, 31 Dec 16. Converted to auxiliary cruiser Leopard___Commissioned as auxiliary cruiser Geier; scuttled 14 Feb 17___sunk___sunk___sunk___sunk/released___sunk___sunk___sunk___sunk___sunk___sunk___sunk___sunk___sunk___sunk in action___sunk___sunk"	sunk	-0.899730216	0
http://en.wikipedia.org/wiki/RC_flight_simulator		Feature Comparison	5	Operating System	Windows___Windows___Windows,___Windows, Mac, Linux___Windows___Windows___Cross-platform___Windows___Windows___Windows___Windows, iOS, Android___Windows___Windows___Windows, iOS (iPad/iPhone/iPod Touch)___Windows, Linux___Windows, Linux, Mac___Windows, Linux, Mac___Mac"	Mac	-0.886324786	0
http://en.wikipedia.org/wiki/The_Football_League		Football League titles	0	Team	Liverpool___Arsenal___Everton___Aston Villa___Sunderland___Sheffield Wednesday___Newcastle United___Chelsea___Manchester City___Wolverhampton Wanderers___Leeds United___Huddersfield Town___Derby County___Preston North End___Burnley___Tottenham Hotspur___Portsmouth___Blackburn Rovers___Ipswich Town___Nottingham Forest___Sheffield United___West Bromwich Albion___Leicester City___Birmingham City___Middlesbrough___Notts County___Norwich City___Bolton Wanderers___Grimsby Town___Reading___Fulham___Stoke City___Crystal Palace___West Ham United___Millwall___Bristol City___Charlton Athletic___Brentford___Bradford City___Bury___Coventry City___Oldham Athletic___Oxford United___Queens Park Rangers___Cardiff City___Luton Town___Blackpool___Doncaster Rovers___Plymouth Argyle___Lincoln City___Barnsley___Hull City___Brighton and Hove Albion___Chesterfield___Port Vale___Rotherham United___Stockport County___Swansea City___Watford___Bristol Rovers___Leyton Orient___Southampton___Carlisle United___Swindon Town___Darlington___Cambridge United___Mansfield Town___Northampton Town___Shrewsbury Town___Southend United___Wigan Athletic___Bournemouth___Bradford Park Avenue___Hereford United___Nelson___Newport County___Scunthorpe United___Tranmere Rovers___Wrexham___Gillingham___Peterborough United___Walsall___Exeter City___Milton Keynes Dons___Rushden & Diamonds___Southport___Wimbledon___Yeovil Town___York City	Bury	-0.89433421	0
http://en.wikipedia.org/wiki/Taito_Memories	Titles included in Taito Memories Volume 1 (???????????? ??????????????? ?????? Tait?? Memor??zu Joukan)	Games	4	Western Release	Taito Legends 2___Taito Legends 2___Taito Legends 2___Taito Legends 2___Taito Legends___Taito Legends___Taito Legends 2___Taito Legends 2 (PlayStation 2)___Taito Legends 2___Taito Legends 2___Taito Legends 2___Taito Legends___N/A___Taito Legends 2___Taito Legends 2___N/A___Taito Legends 2___Taito Legends 2___Taito Legends 2___Taito Legends 2___Taito Legends 2___Taito Legends 2___Taito Legends 2___Taito Legends 2	N/A	-0.87677305	1
http://en.wikipedia.org/wiki/2010_Australian_football_code_crowds		Attendances by Match	5	Ground	MCG___MCG___MCG___MCG___MCG___MCG___MCG___MCG___MCG___MCG___MCG___MCG___MCG___MCG___MCG___MCG___MCG___MCG___MCG___MCG___MCG___MCG___MCG___MCG___Etihad Stadium___Etihad Stadium___MCG___Etihad Stadium___Suncorp Stadium___MCG___Etihad Stadium___MCG___Etihad Stadium___MCG___Etihad Stadium___MCG___MCG___Etihad Stadium___ANZ Stadium___Etihad Stadium___Etihad Stadium___MCG___Suncorp Stadium___Suncorp Stadium___Subiaco Oval___MCG___AAMI Stadium___Subiaco Oval___Etihad Stadium___Subiaco Oval___AAMI Stadium___ANZ Stadium___Suncorp Stadium___MCG___Etihad Stadium___Suncorp Stadium___Etihad Stadium___Subiaco Oval___Subiaco Oval___AAMI Stadium___Suncorp Stadium___Subiaco Oval___Sydney Cricket Ground___ANZ Stadium___Subiaco Oval___Etihad Stadium___AAMI Stadium___Subiaco Oval___AAMI Stadium___The Gabba___MCG___Subiaco Oval___Sydney Football Stadium___Subiaco Oval___AAMI Stadium___MCG___Etihad Stadium___Subiaco Oval___Subiaco Oval___Etihad Stadium___AAMI Stadium___ANZ Stadium___AAMI Stadium___Subiaco Oval___The Gabba___Subiaco Oval___The Gabba___The Gabba___Etihad Stadium___Subiaco Oval___Subiaco Oval___Suncorp Stadium___Etihad Stadium___Etihad Stadium___Etihad Stadium___ANZ Stadium___AAMI Stadium___Sydney Football Stadium___ANZ Stadium___AAMI Stadium___Subiaco Oval___Sydney Cricket Ground___MCG___Etihad Stadium___Etihad Stadium___Sydney Cricket Ground___Etihad Stadium___Suncorp Stadium___Suncorp Stadium___AAMI Stadium___Suncorp Stadium___ANZ Stadium___Etihad Stadium___Etihad Stadium___Sydney Cricket Ground___MCG___Sydney Cricket Ground___The Gabba___AAMI Stadium___Etihad Stadium___The Gabba___Etihad Stadium___Etihad Stadium___Etihad Stadium___MCG___Sydney Cricket Ground___The Gabba___Sydney Cricket Ground___The Gabba___MCG___Subiaco Oval___Etihad Stadium___Etihad Stadium___Etihad Stadium___Suncorp Stadium___Suncorp Stadium___Suncorp Stadium___Skilled Park___Skilled Park___Skilled Stadium___AAMI Park___Etihad Stadium___Suncorp Stadium___Skilled Stadium___Etihad Stadium___Suncorp Stadium___Skilled Stadium___ANZ Stadium___Sydney Cricket Ground___Skilled Stadium___Skilled Stadium___AAMI Stadium___Skilled Stadium___Etihad Stadium___Sydney Cricket Ground___Etihad Stadium___AAMI Stadium___MCG___AAMI Stadium___ANZ Stadium___ANZ Stadium___EnergyAustralia Stadium___AAMI Park___CUA Stadium___Suncorp Stadium___Etihad Stadium___ANZ Stadium___Skilled Park___MCG___AAMI Stadium___Sydney Football Stadium___Adelaide Oval___Suncorp Stadium___Sydney Football Stadium___AAMI Park___Canberra Stadium___Sydney Football Stadium___AAMI Park___Leichhardt Oval___Dairy Farmers Stadium___AAMI Stadium___Skilled Park___Bluetongue Stadium___AAMI Park___Suncorp Stadium___Campbelltown Stadium___Parramatta Stadium___Dairy Farmers Stadium___Parramatta Stadium___ANZ Stadium___Skilled Park___Sydney Football Stadium___Leichhardt Oval___nib Stadium___CUA Stadium___Sydney Football Stadium___Etihad Stadium___ANZ Stadium___Sydney Football Stadium___AAMI Park___Sydney Football Stadium___Sydney Football Stadium___Etihad Stadium___Parramatta Stadium___Jubilee Oval___ANZ Stadium___Sydney Football Stadium___Canberra Stadium___nib Stadium___Suncorp Stadium___Skilled Park___EnergyAustralia Stadium___Etihad Stadium___nib Stadium___Campbelltown Stadium___nib Stadium___Canberra Stadium___Sydney Football Stadium___ANZ Stadium___ANZ Stadium___Sydney Football Stadium___Endeavour Field___Brookvale Oval___AAMI Stadium___EnergyAustralia Stadium___Jubilee Oval___Dairy Farmers Stadium___Etihad Stadium___Adelaide Oval___AAMI Park___Aurora Stadium___Dairy Farmers Stadium___Etihad Stadium___EnergyAustralia Stadium___Canberra Stadium___WIN Stadium___Aurora Stadium___Skilled Park___Bluetongue Stadium___Brookvale Oval___nib Stadium___Brookvale Oval___Parramatta Stadium___EnergyAustralia Stadium___WIN Stadium___Ballymore Stadium___nib Stadium___Parramatta Stadium___Etihad Stadium___Sydney Football Stadium___ANZ Stadium___Skilled Park___WIN Stadium___ANZ Stadium___Canberra Stadium___Canberra Stadium___Brookvale Oval___Parramatta Stadium___Etihad Stadium___Jubilee Oval___CUA Stadium___Leichhardt Oval___Etihad Stadium___Canberra Stadium___Skilled Park___Jubilee Oval___WIN Stadium___nib Stadium___EnergyAustralia Stadium___Hindmarsh Stadium___Manuka Oval___EnergyAustralia Stadium___EnergyAustralia Stadium___Canberra Stadium___Etihad Stadium___Canberra Stadium___Campbelltown Stadium___Skilled Park___CUA Stadium___ANZ Stadium___ANZ Stadium___AAMI Park___Dairy Farmers Stadium___EnergyAustralia Stadium___CUA Stadium___Skilled Park___EnergyAustralia Stadium___Dairy Farmers Stadium___AAMI Park___Hindmarsh Stadium___WIN Stadium___Suncorp Stadium___Skilled Park___Endeavour Field___Canberra Stadium___nib Stadium___Canberra Stadium___Brookvale Oval___Suncorp Stadium___Dairy Farmers Stadium___Parramatta Stadium___Jubilee Oval___EnergyAustralia Stadium___Jubilee Oval___Brookvale Oval___AAMI Park___Bluetongue Stadium___Canberra Stadium___EnergyAustralia Stadium___Dairy Farmers Stadium___Bluetongue Stadium___AAMI Park___EnergyAustralia Stadium___Hindmarsh Stadium___Sydney Football Stadium___Dairy Farmers Stadium___Dairy Farmers Stadium___nib Stadium___Hindmarsh Stadium___AAMI Park___ANZ Stadium___Endeavour Field___Dairy Farmers Stadium___Brookvale Oval___Suncorp Stadium___Skilled Park___AAMI Park___Canberra Stadium___Sydney Football Stadium___Parramatta Stadium___Leichhardt Oval___Dairy Farmers Stadium___Brookvale Oval___AAMI Park___CUA Stadium___AAMI Park___Hindmarsh Stadium___Canberra Stadium___Parramatta Stadium___CUA Stadium___ANZ Stadium___AAMI Park___CUA Stadium___Brookvale Oval___CUA Stadium___Hindmarsh Stadium___CUA Stadium___ANZ Stadium___nib Stadium___Canberra Stadium___Sydney Football Stadium___Endeavour Field___Endeavour Field___AAMI Park___Bluetongue Stadium___EnergyAustralia Stadium___nib Stadium___AAMI Park___Canberra Stadium___Endeavour Field___Adelaide Oval___Suncorp Stadium___Suncorp Stadium___Sydney Football Stadium___Skilled Park___Suncorp Stadium___ANZ Stadium___Endeavour Field___Campbelltown Stadium___Brookvale Oval___Hindmarsh Stadium___Bluetongue Stadium___Hindmarsh Stadium___CUA Stadium___Sydney Football Stadium___Bluetongue Stadium___Bluetongue Stadium___nib Stadium___Bluetongue Stadium___ANZ Stadium___AAMI Park___Hindmarsh Stadium___Canberra Stadium___Suncorp Stadium___Sydney Football Stadium___Canberra Stadium___AAMI Park___Sydney Football Stadium___AAMI Park___Endeavour Field___AAMI Park___nib Stadium___Endeavour Field___Canberra Stadium___TIO Stadium___Hindmarsh Stadium___EnergyAustralia Stadium___EnergyAustralia Stadium___Sydney Football Stadium___Hindmarsh Stadium___EnergyAustralia Stadium___Bluetongue Stadium___AAMI Park___EnergyAustralia Stadium___EnergyAustralia Stadium___EnergyAustralia Stadium___nib Stadium___Sydney Football Stadium___EnergyAustralia Stadium___Endeavour Field___EnergyAustralia Stadium___Parramatta Stadium___Sydney Football Stadium___Sydney Football Stadium___Endeavour Field___Hindmarsh Stadium___Hindmarsh Stadium___Suncorp Stadium___Bluetongue Stadium___EnergyAustralia Stadium___Dairy Farmers Stadium___nib Stadium___Bluetongue Stadium___CUA Stadium___Suncorp Stadium___Sydney Football Stadium___EnergyAustralia Stadium___AAMI Park___Sydney Football Stadium___EnergyAustralia Stadium___Bluetongue Stadium___Suncorp Stadium___Bluetongue Stadium___nib Stadium___Energy Australia Stadium___nib Stadium___Bluetongue Stadium___Parramatta Stadium___Sydney Football Stadium___nib Stadium___AAMI Park___nib Stadium___AAMI Park___Sydney Football Stadium___Skilled Park___Suncorp Stadium___Bluetongue Stadium___Bluetongue Stadium___nib Stadium___Sydney Football Stadium___Dairy Farmers Stadium___AAMI Park___AAMI Park___Bluetongue Stadium___AAMI Park___Bluetongue Stadium___nib Stadium___AAMI Park___nib Stadium___AAMI Park___Dairy Farmers Stadium___AAMI Park___Dairy Farmers Stadium___Suncorp Stadium___Dairy Farmers Stadium___Sydney Football Stadium___Dairy Farmers Stadium___Dairy Farmers Stadium___Dairy Farmers Stadium___Skilled Park___AAMI Park___Dairy Farmers Stadium___Sydney Football Stadium___Dairy Farmers Stadium___AAMI Park___Dairy Farmers Stadium___Skilled Park___Dairy Farmers Stadium___Skilled Park___Port Macquarie Regional Stadium___Skilled Park___Skilled Park___Dairy Farmers Stadium___Dairy Farmers Stadium___AAMI Park___Skilled Park___Skilled Park___Skilled Park___Skilled Park___Skilled Park___Skilled Park___Skilled Park___Skilled Park___Skilled Park___Skilled Park___Skilled Park	MCG	-0.936051795	0
http://pl.wikipedia.org/wiki/Igrzyska_Panameryka%C5%84skie_2007		Tabela medalowa	1	Kraj	Kuba___Brazylia___Kanada___Meksyk___Kolumbia___Wenezuela___Argentyna___Dominikana___Chile___Ekwador___Portoryko___Jamajka___Gwatemala___Bahamy___Salwador___Panama___Antigua i Barbuda___Antyle Holenderskie___Peru___Trynidad i Tobago___Urugwaj___Kajmany___Nikaragua___Barbados	Meksyk	-0.886006289	0
http://en.wikipedia.org/wiki/Haplogroup_O-MSY2.2		Distribution	4	SNPs	M119___M119___M119___M119___M119(xM101)___M119(xM101)___-___M119___M119(xM101)___M119___-___M119___M119___M119___-___-___-___M119(xM101)___M119___M119(xP203)___-___M119___M119___M119(xM110)___M50___-___-___-___-___M50___M119___M119___-___M119___M119___M119___M119___M119___M119(xM110)___M119___M119(xP203, M110)___M119(xM110)___M119(xM110)___P203(xM101)___M119(xM110)___M119___-___M119(xM110)___M119(xM110)___M119(xM110)___-___M119___M119___M119___M119___M119(xM110)___M119(xM110)___M119(xM110)___M119___M119___M119(xM110)___M119(xP203, M110)___P203___-___M119___M119___M119(xM110)___-___P203___M119(xM110)___M119___M119___M119(xM110)___P203(xM101)___M119(xM110)___M119(xM110)___M119(xM110)___M119___M119(xM110)___M119___P203___M119___P203___M119___M119(xM50)___M119___M119(xP203)___M119___M119(xM110)___M119(xM110)___M119___M119(xM101, M50)___M119___M119(xM110)___M119(xM101, M50)___M119(xM110)___M119___M119(xM110)___P203___M119___M119___M119___M119___M119___M119___M119(xM110)___M119(xM110)___M119(xM110)___P203___M119___M50___P203___M119___M119"	-	-0.908308507	1
http://en.m.wikipedia.org/wiki/Lists_of_landmark_court_decisions		Landmark decisions in CanadaEdit	5	Full text	[2]___[3]___[4]___[5].___[6]___R v Marshall (No 1)R v Marshall (No 2)___[7]___[8]___[9]___[10]___[11]___[12]___[13]___[14]___[15]___[16]___[17]___[18]___[19]___[20]___[21]___[22].___[23]	[19]	-0.882308846	0
http://en.wikipedia.org/wiki/Brooke_Nevin	Television	Filmography	2	Role	Erin Wright___Rachel Berenson___Dani___Young Katie___Cherilee___Lissa___Blair___Brenda Hadley___Claudia Marinelli___Roxy___Nikki Hudson___Diana Music___Nell Clausen___Hope___Madeline Barton___Buffy Sanders___Katherine___Ellie___Traci___Tricia Hale___Molly Foster___Brooke___Chloe___Kimmi's Daughter___Rachael Sparks___Amanda___Kelly___Sonja Lester___Lily___Maya Russell___Veronica___Tara Little___Dr. Clara Malone	Roxy	-0.896512293	0
http://en.m.wikipedia.org/wiki/Defense_contractor		List of notable defense contractors worldwideEdit	5	Company (country)	Boeing___BAE Systems___General Dynamics___Raytheon___Northrop Grumman___EADS___Finmeccanica___L-3 Communications___United Technologies Corporation___Thales Group___SAIC___Huntington Ingalls Industries___Honeywell___SAFRAN___Computer Sciences Corp.___Rolls-Royce___United Aircraft Corporation___Oshkosh Corporation___General Electric___ITT Corp.___Almaz-Antey	SAFRAN	-0.887812752	0
http://da.wikipedia.org/wiki/Superligaen_2009-10		Stilling	10	P	59 UEFA Europa League 3. kvalifikationsrunde___52 UEFA Europa League 2. kvalifikationsrunde___50___48___47___43 UEFA Europa League 3. kvalifikationsrunde Landspokalen___43___41___40 UEFA Europa League 1. kvalifikationsrunde Fair play___38 Nedrykning til 1. division___19 Nedrykning til 1. division	43	-0.881953867	2
"http://en.wikipedia.org/wiki/Opinion_polling_for_the_Greek_legislative_election,_May_2012"		Opinion polling	1	Polling Firm	Metron Analysis___VPRC___GPO___Marc___Metron Analysis___VPRC___Kapa Research___MRB___RASS___Marc___Alco___Public Issue___Pulse RC___Marc___VPRC___Pulse RC___MRB___GPO___Public Issue___Metron Analysis___Metron Analysis___Alco___Alco___Alco___Public Issue___RASS___Alco___Kapa Research___Marc___MRB___VPRC___Pulse RC___Public Issue___Public Issue___GPO___RASS___Marc___VPRC___Alco___MRB___RASS___Alco___Public Issue___Pulse RC___VPRC___Alco___Public Issue___Kapa Research___Marc___Alco___VPRC___MRB___Pulse RC___Public Issue___GPO___Metron Analysis___RASS___Alco___VPRC___Metron Analysis___MRB___Public Issue___Alco___Marc___Pulse RC___Kapa Research___VPRC___Public Issue___GPO___Alco___Pulse RC___RASS___Public Issue___VPRC___Alco___Kapa Research___MRB___Public Issue___Metron Analysis___Public Issue___Kapa Research___VPRC___RASS___Marc___MRB___GPO___Alco___VPRC___MRB___Public Issue___VPRC___Pulse RC___Alco___RASS___MRB___Public Issue___GPO___Pulse RC___Marc___VPRC___Alco___Kapa Research___Public Issue___MRB___RASS___Metron Analysis___Public Issue___Alco___Alco___MRB___Marc___RASS___Pulse RC___VPRC___Public Issue___GPO___RASS___Marc___Alco___Public Issue___Kapa Research___VPRC___Metron Analysis___Public Issue___MRB___RASS___MRB___Public Issue___VPRC___RASS___Pulse RC___Public Issue___RASS___Pulse RC___Alco___Kapa Research___Alco___Pulse RC___VPRC___Public Issue___RASS___MRB___GPO___VPRC___Public Issue___Metron Analysis___Kapa Research___RASS___Alco___MRB___Public Issue___Alco___Marc___Public Issue___MRB___Kapa Research___Alco___GPO___RASS___Public Issue___Palmos Analysis___Alco___MRB___RASS___Marc___Metron Analysis___GPO___Public Issue___Pulse RC___MRB___Public Issue___GPO___Palmos Analysis___RASS___Alco___Public Issue___Alco___Marc___Metron Analysis___Public Issue___MRB___Alco___Metron Analysis___Focus___Public Issue___Public Issue___Election Results	MRB	-0.885167464	0
http://en.wikipedia.org/wiki/1989_in_spaceflight		Launches	3	LSP	Navigation___Navigation___Navigation___Reconnaissance___Reconnaissance___Communications___Communications___Communications___Reconnaissance___Logistics___Communications___Communications___Communications___Communications___Communications___Communications___Reconnaissance___Early warning___Radar calibration___Navigation___Communications___Reconnaissance___Aurora observation___Navigation___Earth sciences___Reconnaissance___Communications___Weather satellite___Satellite deployment___Communications___Reconnaissance___Logistics___Reconnaissance___Communications___Communications___Communications___Communications___Communications___Communications___Communications___Communications___Technology development___Communications___Navigation___Reconnaissance___Communications___Reconnaissance___Microgravity research___Interplanetary probe deployment___Radar mapping___Reconnaissance___SIGINT___Reconnaissance___Reconnaissance___Reconnaissance___Atmospheric research___Atmospheric research___Navigation___Navigation___Navigation___Reconnaissance___Communications___Communications___Navigation___Communications______Navigation___Radar calibration___Early warning___Reconnaissance___Communications___Reconnaissance___Maritime surveillance___Reconnaissance___Communications___Communications___Reconnaissance___Reconnaissance___Atmospheric research___Atmospheric research___Reconnaissance___Reconnaissance___ELINT___Navigation___Reconnaissance___Satellite deployment___Communications___SIGINT___Communications___Astronomy___Reconnaissance___Navigation___Reconnaissance___Logistics___Communications___Earth science___Communications___Communications___Weather satellite___Mir EO-5___SIGINT___Microgravity experiments___Communications___Communications___Communications___Communications___Communications___Communications___Microgravity research___Reconnaissance___Communications___Communications___Naval reconnaissance___Atmospheric research___Atmospheric research___Communications___Reconnaissance___Reconnaissance___Interplanetary probe deployment___Jupiter orbiter___Jupiter entry probe___Navigation___Earth science___Communications___Reconnaissance___Cosmology___Satellite deployment___ELINT___Early warning___Naval reconnaissance___Mir component___Communications___Reconnaissance___Astronomy___Navigation___Communications___Logistics___Radar calibration___Communications	ELINT	-0.889328063	0
http://fi.wikipedia.org/wiki/Luettelo_pikkuplaneetoista:_259001%E2%80%93260000		259001-259100	4	L??yt??j??(t)	LINEAR___LINEAR___LINEAR___LINEAR___LINEAR___CINEOS___NEAT___NEAT___NEAT___NEAT___NEAT___CINEOS___LINEAR___LINEAR___NEAT___NEAT___NEAT___LINEAR___NEAT___LINEAR___G. Hug___LINEAR___LINEAR___W. Bickel___LINEAR___LINEAR___NEAT___LONEOS___LINEAR___LONEOS___LONEOS___LONEOS___LINEAR___LINEAR___LONEOS___LINEAR___LINEAR___LONEOS___LINEAR___LINEAR___LINEAR___LINEAR___LINEAR___Sloan Digital Sky Survey___Sloan Digital Sky Survey___Sloan Digital Sky Survey___Sloan Digital Sky Survey___Sloan Digital Sky Survey___Sloan Digital Sky Survey___Sloan Digital Sky Survey___Sloan Digital Sky Survey___Sloan Digital Sky Survey___NEAT___Sloan Digital Sky Survey___NEAT___NEAT___Sloan Digital Sky Survey___LINEAR___LINEAR___NEAT___NEAT___LINEAR___NEAT___NEAT___NEAT___LONEOS___LINEAR___NEAT___Sloan Digital Sky Survey___Sloan Digital Sky Survey___Sloan Digital Sky Survey___NEAT___NEAT___NEAT___LINEAR___LINEAR___LINEAR___LINEAR___LINEAR___LONEOS___LINEAR___LINEAR___LINEAR___NEAT___LONEOS___NEAT___LINEAR___Spacewatch___LINEAR___LINEAR___LINEAR___LINEAR___NEAT___LINEAR___NEAT___NEAT___NEAT___NEAT___NEAT	NEAT	-0.936390936	0
http://sv.wikipedia.org/wiki/Lista_%C3%B6ver_sp%C3%A5rvagnsh%C3%A5llplatser_i_G%C3%B6teborg	H??llplatser i G??teborgs sp??rvagnsn??t		1	Trafikeras av	3, 9___11___1, 3___3___3, 9___7, 11___1, 3, 6, 9, 11___3, 4, 5, 7, 11___2, 4___5, 6, 10___1, 7, 8___1, 3, 6, 8___11___5___3___3, 9, 11___1, 3___4, 8, 9___5, 6___1,___5___1, 3, 6, 8___2, 6, 8, 13___3, 9___3, 4, 5, 7, 11___2, 4___6, 7, 11___2, 4___4, 8, 9___6___1, 2, 7, 8___6, 7, 11___11___4, 5___6, 7, 11___3___1, 2, 7, 8, 13___1, 7___2, 13___1, 2, 3, 4, 5, 6, 7, 9, 10, 11, 13___5___5___1, 2, 3, 4, 7, 9, 11, 13___1, 2, 6, 9, 11, 13___10___10___6, 8___11___5, 6, 10___5___2, 4___11___5, 6, 10___5, 6, 10___1, 7, 8___7, 11___4, 6, 7, 8, 9, 11___2, 4___3, 11___5, 6, 10___1, 2, 6, 9, 11, 13___1, 3, 6, 9, 11___2, 13___11___5, 6, 10___1,___7, 10___3, 9___3___7, 11___2, 4, 5, 6, 8, 13___6, 11___9, 11___6, 7, 11___3, 5___11___1, 7, 8___5, 10___1, 2, 6, 13___5___11___11___3, 11___1, 2, 3, 7, 8, 13___3, 9, 11___6, 7, 8, 13___1,___1, 7, 8___6___11___1, 7, 8___6, 7, 11___1, 2, 6, 13___1, 3, 6, 8___1, 7___3, 9___1, 6___5, 6, 10___6, 7, 11___7, 11___6, 7, 8, 13___11___3___9, 11___9, 11___2, 6, 8, 13___2, 13___6, 7, 11___1, 7___1, 3, 6, 8___5, 6, 10___7, 11___5, 6___2, 3, 13___2, 3, 7, 10, 13___6, 7, 8, 10, 13___5___5, 6, 10, 13___5, 6, 10___5, 6, 10___1,___5, 6, 10___1,"	5	-0.907455458	2
http://fi.wikipedia.org/wiki/Mr._Olympia		Mr. Olympia -kilpailutulokset	4	3. sija	Chuck Sipes ja Sergio Oliva___Harold Poole___Serge Nubret___Serge Nubret___(Serge Nubret, yli 200 lb)___(Lou Ferrigno, +200 lb) (Albert Beckles, -200 lb)___(Ed Corney, -200 lb)___Ed Corney___Roy Callender___(Roger Walker, +200) (Robby Robinson, -200 lb)___Frank Zane___Tom Platz___Casey Viator___Lee Haney___Jusup Wilkosz___Rich Gaspari___Mike Christian___Lee Labrada___Berry DeMey___Vince Taylor___Shawn Ray___Vince Taylor___Lee Labrada___Shawn Ray___Kevin Levrone___Nasser El Sonbaty___Kevin Levrone___Shawn Ray___Nasser El Sonbaty___Chris Cormier___Flex Wheeler___Kevin Levrone___Chris Cormier___Dexter Jackson___Gustavo Badell___Gustavo Badell___Victor Martinez___Dexter Jackson___Phil Heath___Dexter Jackson___Branch Warren___Kai Greene___Shawn Rhoden"	Shawn Ray	-0.884969565	2
http://en.wikipedia.org/wiki/Liza_Lapira	Television	Filmography	2	Role	Cheryl Treadwell___Rebecca Chang___Nia Sheppard___Student volunteer___Pam___Layla___Amanda Kim___Shaquan___Maggie Del Rosario___Michelle Lee___Noelle Lavatte___Forensics technician___Dr. Souter___N/A___Christine___Yuki Amado___Ellie Wong___Ivy___Lisa Reilly___Tina___Robin___Abby Halstead___Erika Seelig___Helen-Alice	N/A	-0.889880952	1
http://en.wikipedia.org/wiki/Daytona_200		Winners	3	Manufacturer	Harley-Davidson___Harley-Davidson___Harley-Davidson___Norton___Indian___Indian___Norton___Norton___Norton___Norton___Harley-Davidson___BSA___Harley-Davidson___Harley-Davidson___Harley-Davidson___Harley-Davidson___Harley-Davidson___Harley-Davidson___Harley-Davidson___Triumph___Harley-Davidson___Harley-Davidson___Harley-Davidson___Triumph___Triumph___Harley-Davidson___Harley-Davidson___Honda___BSA___Yamaha___Yamaha___Yamaha___Yamaha___Yamaha___Yamaha___Yamaha___Yamaha___Yamaha___Yamaha___Yamaha___Yamaha___Yamaha___Honda___Yamaha___Honda___Suzuki___Honda___Yamaha___Honda___Kawasaki___Yamaha___Kawasaki___Kawasaki___Honda___Yamaha___Yamaha___Honda___Suzuki___Suzuki___Honda___Honda___Suzuki___Honda___Honda___Kawasaki___Kawasaki___Yamaha___Yamaha___Ducati___Yamaha___Yamaha	BSA	-0.902007791	0
http://fr.wikipedia.org/wiki/OL-ASSE		Les derbys entre l'OL et l'ASSE	4	Comp??tition	D1___D1___D1___D1___D1___D1___D1___D1___D1___D1___D1___Coupe de France (1/16e f.)___D1___Challenge des champions___D1___D1___D1___D1___D1	D1	-0.893995552	0
http://de.wikipedia.org/wiki/Windenergieanlagenhersteller		Technische Konzepte der Hersteller	5	Generator	asynchron (doppelt gespeist)___asynchron (doppelt gespeist)___asynchron (doppelt gespeist)___synchron___asynchron (doppelt gespeist)___kein Umrichter (?)___asynchron (doppelt gespeist)___asynchron (doppelt gespeist)___synchron (permanent erregt)___synchron (permanent erregt)___asynchron___?___synchron___synchron (permanent erregt)___asynchron (doppelt gespeist)___asynchron (doppelt gespeist)___synchron (permanent erregt)___asynchron___asynchron (regelbarer Schlupf)___synchron (permanent erregt)___wahlweise : asynchron (doppelt gespeist) oder synchron permanent erregt___synchron (permanent erregt)	?	-0.910147992	1
http://fr.wikipedia.org/wiki/Clarinette		La famille des clarinettes modernes	4	??crit	tierce mineure en-dessous___seconde majeure en-dessous___sans transposition___seconde majeure au-dessus___tierce mineure au-dessus___?___?___quinte au-dessus___sixte majeure au-dessus___octave + seconde majeure au-dessus___octave + sixte majeure au-dessus___2 octaves + seconde majeure au-dessus	?	-0.881410256	1
http://nl.wikipedia.org/wiki/Maarschalk_van_de_Sovjet-Unie		Lijst van maarschalken	3	Dienst	Leger___Leger___Leger___Leger___Leger___Leger___Leger___Leger___Leger___Politiek___Leger___Leger___Leger___Leger___Leger___Leger___NKVD/MVD Militsiya___Leger___Politiek___Leger___Leger/luchtverdediging/Strategische raketstrijdkrachten___Leger___Leger___Leger/strategische raketstrijdkrachten___Leger___Leger___Leger___Leger/strategische raketstrijdkrachten___Leger___Luchtverdediging___Leger___Politiek___Politiek___Leger___Leger___Leger___Leger___Leger___Leger___Leger	Leger	-0.905357143	0
http://fr.wikipedia.org/wiki/Liste_de_clients_Jabber		Client XMPP uniquement	0	Nom	BuddySpace___cabber___Desyr Messenger___Coccinella___Exodus___Freetalk___GreenThumb___Gabber___Gajim___GOIM___JabberMixClient___JabberMixLocation___Jabbim___Jabbin___Jeti___Jeti/2___Jappix___JWChat___Lampiro___MCabber___MOO-XMPP___poezio___Talkonaut___Tkabber___wija___IMCom___Iruka___jabber.el___JabberApplet___JabberFoX___Jabberzilla___Jabber WindowGram Client___JBother___Jitsi___MGTalk___moJab___Mango___sjabber___Spark___Whisper IM___Cjc	MOO-XMPP	-0.899802241	0
http://en.wikipedia.org/wiki/Worcester_City_F.C.	List of Worcester City F.C. managers	Managerial history	2	Nationality	1930___1932___1934___1935___1936___1937___1938___1946___1947___1950___1953___1957___1958___1962___1962___1968___December 1971___1973___1973___July 1974___1975___1984___1984___1985___1986___1986___1989___1989___1990___1991___1991___1992___1998___1999___November 2007___13 March 2010	1935	-0.877371274	0
http://en.wikipedia.org/wiki/Speedway_in_Bulgaria		Speedway	2	Winners	Kiril Nikolov___Bohos Szachpasian___Kiril Nikolov___Milko Pejkov___Milko Pejkov___Milko Pejkov___?___Milko Pejkov___?___Aleksandar Stojanov___Milko Pejkov___Petar Petkov___Chedialko Nedialkov___Chedialko Nedialkov___Petar Petkov___Petar Petkov___Angel Jeftimov___Petar Petkov___Angel Jeftimov___Orlin Janakiev___?___Orlin Janakiev___Angel Jevtimov___Orlin Janakiev___Vesselin Markov___Nikolaj Manev___Angel Jeftimov___Vesselin Markov___Angel Jeftimov___Angel Jeftimov___Orlin Janakiev___Georgi Petranov___Georgi Petranov___Georgi Petranov___?___Nikolaj Manev___Galin Velichkov___Zdravko Iordanov	?	-0.883140054	1
http://fr.wikipedia.org/wiki/Liste_d%27entreprises_sud-cor%C3%A9ennes		Les plus grandes entreprises selon le Forbes 2000	2	Revenus	Hyundai Motor___POSCO___Shinhan Financial___Hyundai Heavy Industries___Samsung Life Insurance___Kia Motors___KB Financial Group___SK Innovation___Woori Finance Holdings___Hyundai Mobis___SK Holdings___LG Chem___Hana Financial Group___Lotte Shopping___SK Telecom___Industrial Bank of Korea___Korea Electric Power___S-Oil___Samsung Fire & Marine___LG Electronics___Hyundai Steel___Korea Life Insurance___LG Corp___Samsung C&T___Samsung Heavy Industries___Korea Exchange Bank___Honam Petrochemical___LG Display___DSME___Hyundai Engineering___Hynix Semiconductor___Korea Gas___GS Holdings___Samsung Engineering___STX Corporation___Korea Zinc___KT&G___Korean Air___GS Engineering___Doosan Heavy Industries___Dongbu Insurance___E-Mart___Hanwha___NHN___CJ___Hyosung___STX Offshore___OCI Co___Doosan Infracore___Hankook Tire___Daelim Industrial___Samsung Electro-Mechanics___Hyundai Marine & Fire___LS Corp___Kumho Petrochemical___Samsung Card___Hanjin Shipping___LG International___LIG Insurance___Hanwha Chemical___Hanjin Shipping Holdings___LG Uplus	KT&G	-0.880455408	0
http://fr.wikipedia.org/wiki/Liste_des_albums_avec_une_Couronne_dans_The_Penguin_Guide_to_Jazz		Liste des albums couronn??s	3	Label	Azure___Azure___JSP Records___JSP Records___Retrieval___Columbia___Jazz Classics in Digital Stereo___MCA Records___Storyville___Savoy___Bluebird___Roost Records___Fresh Sound___Verve___Blue Note___Pablo___Prestige___Atlantic___Blue Note___Blue Note___Blue Note___Evidence___Columbia___Black Saint___Original Jazz Classics___Columbia___Atlantic___Atlantic___Candid___Riverside___Riverside___GHB___Verve___Rhino Records___Atlantic___Columbia___Revenant Records___Riverside___Impulse!___Blue Note___Blue Note___ESP-Disk___Blue Note___Blue Note___Impulse!___Impulse!___Harkit___Blue Note___Columbia___Collectables___Columbia___FMP___Delmark___Phono Suecia___Columbia___FMR Records___Polydor___Columbia___Deram___Warner Bros.___Intakt___Atavistic___Columbia___Impulse!___Koch___Verve___Leo Records___hat ART___PSI___Red Records___ECM___Contemporary___hatOLOGY___FMP___Blue Note___FMP___Leo___ECM___Jazzology Records___Tzadik___Nagel Heyer___MaxJazz___Atavistic___Intakt___Slam___Tompkins Square___ECM	Slam	-0.8816933	0
http://en.wikipedia.org/wiki/List_of_asteroids/69201%E2%80%9369300			3	Discovery site	Palomar___Palomar___Palomar___Palomar___Palomar___Palomar___Palomar___Palomar___Palomar___Palomar___Palomar___Palomar___Palomar___Palomar___Palomar___Palomar___Palomar___Palomar___Palomar___Palomar___Palomar___Palomar___Palomar___Palomar___Palomar___Palomar___Palomar___Palomar___Heidelberg___Palomar___Palomar___Palomar___Caussols___Palomar___Palomar___Palomar___Palomar___Palomar___Siding Spring___Siding Spring___Siding Spring___Siding Spring___Siding Spring___La Silla___Siding Spring___Siding Spring___Siding Spring___Siding Spring___Siding Spring___Siding Spring___Siding Spring___Siding Spring___Siding Spring___Siding Spring___Siding Spring___Siding Spring___Palomar___Nauchnyj___Anderson Mesa___Nauchnyj___Nauchnyj___La Silla___Tautenburg Observatory___La Silla___La Silla___La Silla___Cerro Tololo___Brorfelde___Kitami___La Silla___La Silla___Stakenbridge___Gekko___Tautenburg Observatory___Haute Provence___La Silla___La Silla___La Silla___La Silla___La Silla___La Silla___La Silla___La Silla___La Silla___Tautenburg Observatory___Tautenburg Observatory___Tautenburg Observatory___Kitt Peak___La Silla___La Silla___La Silla___La Silla___Palomar___Tautenburg Observatory___Kitt Peak___La Silla___La Silla___La Silla___La Silla	Gekko	-0.893323479	0
http://en.wikipedia.org/wiki/Chamber_of_Deputies_(Brazil)		Federal Representation	8	% Of the population represented by MPs	100%___110%___104%___106%___106%___106%___94%___101%___105%___83%___94%___116%___107%___117%___105%___410%___86%___447%___117%___120%___98%___93%___189%___681%___142%___211%___156% average (Number of Members / Representatives of national average)	110%	-0.908455625	0
http://en.wikipedia.org/wiki/List_of_Billboard_200_number-one_albums_of_1999		Albums	2	Artist	DMX___Britney Spears___Silkk The Shocker___Foxy Brown___Britney Spears___TLC___Britney Spears___Nas___TLC___Various Artists___Tim McGraw___Ricky Martin___Backstreet Boys___Limp Bizkit___Backstreet Boys___Limp Bizkit___Backstreet Boys___Christina Aguilera___Dixie Chicks___Eve___Nine Inch Nails___Creed___Santana___Rage Against the Machine___Faith Hill___Korn___Celine Dion___The Notorious B.I.G.	TLC	-0.876623377	0
http://fr.wikipedia.org/wiki/Endgame_(album_de_Megadeth)		Liste des titres	1	Titre	This Day We Fight!___44 Minutes___1,320'___Bite the Hand___Bodies___Endgame___The Hardest Part of Letting Go... Sealed With a Kiss___Head Crusher___How the Story Ends___The Right to Go Insane___Washington Is Next! (titre bonus Japon; (live))"	"1,320'"	-0.886075949	2
http://en.wikipedia.org/wiki/List_of_auto_racing_tracks_in_the_United_States		Dirt ovals	1	Location	Palmer___Weaverville___Bradford___Beckley___Peebles___Lyndonville___Sacramento___Canaan___Willow___Charlotte___Deerfield___Du Quoin___Eagle___Tampa___Rossburg___Fair Haven___Union___Winston-Salem___Elma___Springfield___Indianapolis___McCool Junction___Knoxville___Womens Bay___Atlanta___West Lebanon___Lincoln___Lyndon___Macon___Sedalia___Fairbanks___Greenwood___Syracuse___Raleigh___Hillsborough___Rutland___Port Royal___Grand Forks___Hartford___Alger___Maryville___Sumter___Banks___Barberville___Lebanon___Mechanicsburg	Tampa	-0.895004625	0
http://en.wikipedia.org/wiki/List_of_multi-paradigm_programming_languages	List of multi-paradigm programming languages	Language overview	0	Lan??guage	APL___ALF___Dylan[citation needed]___Sather[citation needed]___Claire___Spreadsheets___AmigaE[citation needed]___Simula[citation needed]___Metaobject protocols___Lava___PointDragon___SISAL___Erlang___ChucK[citation needed]___Prograph___Poplog___BETA[citation needed]___J[citation needed]___Perl[citation needed]___Pliant[citation needed]___Tcl with itcl or XOTcl extensions[citation needed]___PHP___ECMAScript (ActionScript, E4X, JavaScript, JScript)___Lua[citation needed]___Tcl with Snit extension[citation needed]___C++___D (version 1.0)___D (version 2.0)___Embarcadero Delphi___E___Curry___Java___Python[citation needed]___Ruby___OCaml___Leda___ROOP___Io___REBOL___Fortran___Ada___Windows PowerShell___Curl___Common Lisp (some other paradigms are implemented as libraries)[citation needed]___Falcon___D (version 2.0)___Object Pascal___Scala___Nemerle___C#___Visual Basic .NET___F#___Oz___LispWorks (version 6.0 with support for symmetric multi-processing, rules, logic (Prolog), CORBA)___Mathematica"	F#	-0.932041729	2
http://en.wikipedia.org/wiki/List_of_shipwrecks_in_international_waters		Atlantic Ocean	0	Ship	Atlantis___Bismarck___SS City of Benares___HMS Courageous___USAT Dorchester___SS Empire Endurance___RMS Empress of Britain___HMS Glorious___HMS Hood___K-219___RMS Laconia (1921)___ST Leukos___SS Montanan___Pamir___SS Prins Olav___Rudyard Kipling___SMS Scharnhorst___USS Thresher___RMS Titanic___U-110___SS Washingtonian___USS West Gate___USS West Lianga	K-219	-0.891672808	2
http://sv.wikipedia.org/wiki/Burning_Heart_Records		Diskografi	5	Datum/??r	1 juni 1993___7 juli 1993___1993___1 juni 1993___4 december 1993___1993___1994___1994___1994___1 juni 1994___1994___1 juni 1994___1 juni 1994___1994___23 juli 1994___6 juni 1994___1 juni 1994___28 oktober 1994___1 juni 1995___1995___1 januari 1995___1995___1 juni 1995___1 juni 1994___27 oktober 1995___1 juni 1995___1995___1 juni 1995___1 juni 1995___23 oktober 1995___20 september 1995___11 oktober 1995___1 juni 1996___1 januari 1996___1996___1 juni 1996___1 juni 1996___23 oktober 1996___26 februari 1996___1 juni 1996___1 juni 1996___1 januari 1996___1 juni 1996___1 januari 1996___3 juni 1996___22 juli 1996___1 januari 1996___1 juni 1996___1996___27 januari 1997___17 juli 1997___21 januari 1997___6 april 1997___1 juni 1997___20 april 1997___28 april 1997___1 juni 1997___12 juni 1997___16 juli 1997___1997___1997___15 september 1997___15 september 1997___15 september 1997___13 juli 1997___22 september 1997___22 september 1997___1 juni 1998___1998___1998___13 mars 1998___1 juni 1998___1 juni 1998___1 juni 1998___13 april 1998___27 april 1998___1998___1998___18 juli 1998___9 december 1998___1998___1999___1 juni 1999___15 mars 1999___1 juni 1999___29 juli 1999___15 mars 1999___17 maj 1999___1999___1 juni 1999___23 augusti 1999___29 november 1999___27 september 1999___23 augusti 1999___27 september 1999___11 oktober 1999___29 november 1999___29 november 1999___24 februari 2000___24 januari 2000___24 januari 2000___7 oktober 2000___24 januari 2000___?___10 april 2000___10 april 2000___25 april 2000___2000___19 juni 2000___19 juni 2000___?___5 juni 2000___22 maj 2000___5 juni 2000___5 juni 2000___28 augusti 2000___10 april 2000___28 augusti 2000___16 oktober 2000___2000___20 november 2000___2001___20 november 2000___13 november 2000___29 januari 2001___29 januari 2001___12 mars 2001___9 april 2001___9 april 2001___11 juni 2001___14 maj 2001___14 maj 2001___20 augusti 2001___24 september 2001___24 september 2001___15 oktober 2001___24 september 2001___2001___1 oktober 2001___3 december 2001___3 december 2001___25 mars 2002___25 mars 2002___15 april 2002___4 februari 2002___13 maj 2002___18 februari 2002___27 maj 2002___11 mars 2002___27 maj 2002___5 augusti 2002___30 september 2002___11 november 2002___21 oktober 2002___21 oktober 2002___11 november 2002___25 november 2002___2003___11 november 2002___27 januari 2003___27 januari 2003___27 januari 2003___27 januari 2003___10 mars 2003___28 mars 2003___21 april 2003___15 september 2003___28 april 2003___28 april 2003___12 maj 2003___2003___12 maj 2003___2 juni 2003___12 maj 2003___13 juni 2003___25 augusti 2003___8 oktober 2003___23 juni 2003___1 september 2003___27 oktober 2003___3 oktober 2003___20 oktober 2003___20 oktober 2003___23 februari 2004___2 februari 2004___2 februari 2004___29 mars 2004___13 april 2004___12 juli 2004___3 oktober 2004___11 oktober 2004___18 april 2005___7 mars 2005___9 maj 2005___10 oktober 2005___29 mars 2005___10 oktober 2005___24 oktober 2005___25 oktober 2005___24 februari 2006___10 april 2006___?___?___7 april 2008___?___26 april 2006___?___?___23 mars 2007___15 november 2006___12 februari 2007___25 september 2006___23 oktober 2006___16 oktober 2006___?___24 september 2007___22 augusti 2007___29 oktober 2007___2008___9 november 2009___7 september 2009___22 oktober 2001___3 juli 2003___17 november 2003___18 augusti 2003___8 oktober 2003___29 mars 2004___21 juni 2004___15 november 2004___14 februari 2005___14 mars 2005___2005___22 juni 2005___24 oktober 2005___29 januari 2007___2007___20 oktober 2008___21 april 2006___15 november 2006___2007___8 oktober 2007	1995	-0.911097378	2
http://en.wikipedia.org/wiki/2009%E2%80%9310_FA_Youth_Cup		First round	1	Home team	Accrington Stanley___Darlington___Maidstone United___AFC Wimbledon___Malvern Town___Bury Town___Woking___Bishop's Stortford___Ebbsfleet United___Dulwich Hamlet___Congleton Town___Carlton Town___Atherstone Town___VT___Bradford City___Milton Keynes Dons___Barnet___Aldershot Town___Histon	VT	-0.879699248	0
"http://en.wikipedia.org/wiki/National_Register_of_Historic_Places_listings_in_Jefferson_County,_Washington"			5	Summary	Port Townsend___Port Townsend___Chimacum___Port Angeles___Chimacum___Port Townsend___Port Townsend___Port Townsend___Port Angeles___Port Angeles___Port Townsend___Port Townsend___Lower Hadlock___Port Angeles___Port Townsend___Port Angeles___Port Townsend___Port Angeles___Port Townsend___Port Townsend___Port Townsend___Duckabush vicinity___Port Townsend___Irondale___Port Townsend___Port Townsend___Nordland___Chimacum___Port Townsend___Port Townsend___Hadlock___Port Townsend___Nordland___Port Angeles___Quilcene___Port Townsend___Port Angeles___Port Townsend___Port Angeles___Port Townsend___Port Townsend___Port Townsend___Quilcene___Quilcene___Port Townsend___Center___Port Townsend___Port Townsend___Port Townsend___Brinnon___Hadlock___Nordland___Port Townsend___Port Townsend___Port Townsend___Port Ludlow___Port Townsend___Port Townsend___Discovery Bay___Port Townsend___Chimacum___Port Townsend___Irondale	Chimacum	-0.888114595	0
http://sv.wikipedia.org/wiki/K%C3%A4rnkraft_i_Tyskland		Forskningsreaktorer	7	Reaktortyp	LWR___homogen (L)/L-54 (L)___homogen (L)/L-54 (L)___Poolreaktor/MTR___Argonaut___Argonaut___HWR___Poolreaktor/MTR___homogen (S)/SUR-100___Tank/HWR___Argonaut___Argonaut___Poolreaktor/MTR___homogen (S)/Zero power critical/SUR-100___homogen (S)/Zero power critical/SUR-100___Zero power critical___homogen (S)/Zero power critical/SUR-100___homogen (S)/Zero power critical/SUR-100___Poolreaktor/TRIGA-II___homogen (S)/Zero power critical/SUR-100___homogen (S)/Zero power critical/SUR-100___homogen (S)/Zero power critical/SUR-100___homogen (S)/Zero power critical/SUR-100___Poolreaktor/TRIGA-I___homogen___homogen/L77 A___Tank/Zero power critical___Poolreaktor/MTR___homogen (S)/Zero power critical/SUR-100___PWR/Skeppsreaktor___Tank/Zero power critical___Zero power critical___homogen (S)/Zero power critical/SUR-100___Poolreaktor/TRIGA-III___Poolreaktor/TRIGA-I___homogen (S)/Zero power critical/SUR-100___Zero power critical___Poolreaktor/MTR___Poolreaktor/TRIGA-I___homogen/Zero power critical/SUR-100___HWR___Poolreaktor/HWR___homogen/Zero power critical/SUR-100___Poolreaktor/TRIGA	HWR	-0.892961877	0
http://en.m.wikipedia.org/wiki/Armenian_diaspora	List of countries and territories by Armenian population	DistributionEdit	2	Official data	1,182,388 (2010 census)___483,366 (2011 ACS)___12,355 (2005, born in Armenia)___248,929 (2002 census)___99,894 (2001 census)___N/A___55,354 (1965, Armenian speakers)___N/A___1,227 (2001, born in Armenia)___N/A___50,500 (2006 census)___7,742 (2001, Armenian citizens)___41,907 (2011 census)___10,832 (2001 census)___50,537 (1989 census)___11,706 (2011, Armenian citizens)___11,205 (2011, Armenian citizens)___3,000 (2011 census)___15,791 (2006 census)___N/A___8,512 (2009 census)___31,829 (1989 Soviet census)___11,031 (2010 official est.)___589 (2001, born in Armenia)___161 (2011, Armenian citizens)___N/A___N/A___705 (2011, Armenian citizens)___9,633 (2011, Armenian citizens)___N/A___N/A___2,100 (2011, born in Armenia)___1,672 (2011, born in Armenia)___2,667 (2009, Armenian citizens)___1,780 (2002 census)___2,742 (2008 yearly statistics)___612 (2010, Armenian citizens)___1,402 (2011 census)___666 (2011, Armenian citizens)___605 (2011, born in Armenia)___N/A___5,651 (1989 Soviet census)___N/A___2,873 (1989 Soviet census)___1,477 (2001 census)___N/A___1,341 (2001 census)___1,364 (1999 census)___222 (2011 census)___N/A"	N/A	-0.931	1
http://tr.wikipedia.org/wiki/Yard%C4%B1m:Matematiksel_form%C3%BCller		Alphabets and typefaces	0	Greek alphabet	\\Eta \\Theta \\Iota \\Kappa \\Lambda \\Mu___\\Nu \\Xi \\Pi \\Rho \\Sigma \\Tau___\\Upsilon \\Phi \\Chi \\Psi \\Omega___\\alpha \\beta \\gamma \\delta \\epsilon \\zeta___\\eta \\theta \\iota \\kappa \\lambda \\mu___\\nu \\xi \\pi \\rho \\sigma \\tau___\\upsilon \\phi \\chi \\psi \\omega___\\varepsilon \\digamma \\vartheta \\varkappa___\\varpi \\varrho \\varsigma \\varphi___Blackboard Bold/Scripts___\\mathbb{A} \\mathbb{B} \\mathbb{C} \\mathbb{D} \\mathbb{E} \\mathbb{F} \\mathbb{G}___\\mathbb{H} \\mathbb{I} \\mathbb{J} \\mathbb{K} \\mathbb{L} \\mathbb{M}___\\mathbb{N} \\mathbb{O} \\mathbb{P} \\mathbb{Q} \\mathbb{R} \\mathbb{S} \\mathbb{T}___\\mathbb{U} \\mathbb{V} \\mathbb{W} \\mathbb{X} \\mathbb{Y} \\mathbb{Z}___boldface (vectors)___\\mathbf{A} \\mathbf{B} \\mathbf{C} \\mathbf{D} \\mathbf{E} \\mathbf{F} \\mathbf{G}___\\mathbf{H} \\mathbf{I} \\mathbf{J} \\mathbf{K} \\mathbf{L} \\mathbf{M}___\\mathbf{N} \\mathbf{O} \\mathbf{P} \\mathbf{Q} \\mathbf{R} \\mathbf{S} \\mathbf{T}___\\mathbf{U} \\mathbf{V} \\mathbf{W} \\mathbf{X} \\mathbf{Y} \\mathbf{Z}___\\mathbf{a} \\mathbf{b} \\mathbf{c} \\mathbf{d} \\mathbf{e} \\mathbf{f} \\mathbf{g}___\\mathbf{h} \\mathbf{i} \\mathbf{j} \\mathbf{k} \\mathbf{l} \\mathbf{m}___\\mathbf{n} \\mathbf{o} \\mathbf{p} \\mathbf{q} \\mathbf{r} \\mathbf{s} \\mathbf{t}___\\mathbf{u} \\mathbf{v} \\mathbf{w} \\mathbf{x} \\mathbf{y} \\mathbf{z}___\\mathbf{0} \\mathbf{1} \\mathbf{2} \\mathbf{3} \\mathbf{4}___\\mathbf{5} \\mathbf{6} \\mathbf{7} \\mathbf{8} \\mathbf{9}___Boldface (greek)___\\boldsymbol{\\Alpha} \\boldsymbol{\\Beta} \\boldsymbol{\\Gamma} \\boldsymbol{\\Delta} \\boldsymbol{\\Epsilon} \\boldsymbol{\\Zeta}___\\boldsymbol{\\Eta} \\boldsymbol{\\Theta} \\boldsymbol{\\Iota} \\boldsymbol{\\Kappa} \\boldsymbol{\\Lambda} \\boldsymbol{\\Mu}___\\boldsymbol{\\Nu} \\boldsymbol{\\Xi} \\boldsymbol{\\Pi} \\boldsymbol{\\Rho} \\boldsymbol{\\Sigma} \\boldsymbol{\\Tau}___\\boldsymbol{\\Upsilon} \\boldsymbol{\\Phi} \\boldsymbol{\\Chi} \\boldsymbol{\\Psi} \\boldsymbol{\\Omega}___\\boldsymbol{\\alpha} \\boldsymbol{\\beta} \\boldsymbol{\\gamma} \\boldsymbol{\\delta} \\boldsymbol{\\epsilon} \\boldsymbol{\\zeta}___\\boldsymbol{\\eta} \\boldsymbol{\\theta} \\boldsymbol{\\iota} \\boldsymbol{\\kappa} \\boldsymbol{\\lambda} \\boldsymbol{\\mu}___\\boldsymbol{\\nu} \\boldsymbol{\\xi} \\boldsymbol{\\pi} \\boldsymbol{\\rho} \\boldsymbol{\\sigma} \\boldsymbol{\\tau}___\\boldsymbol{\\upsilon} \\boldsymbol{\\phi} \\boldsymbol{\\chi} \\boldsymbol{\\psi} \\boldsymbol{\\omega}___\\boldsymbol{\\varepsilon} \\boldsymbol{\\digamma} \\boldsymbol{\\vartheta} \\boldsymbol{\\varkappa}___\\boldsymbol{\\varpi} \\boldsymbol{\\varrho} \\boldsymbol{\\varsigma} \\boldsymbol{\\varphi}___Italics___\\mathit{A} \\mathit{B} \\mathit{C} \\mathit{D} \\mathit{E} \\mathit{F} \\mathit{G}___\\mathit{H} \\mathit{I} \\mathit{J} \\mathit{K} \\mathit{L} \\mathit{M}___\\mathit{N} \\mathit{O} \\mathit{P} \\mathit{Q} \\mathit{R} \\mathit{S} \\mathit{T}___\\mathit{U} \\mathit{V} \\mathit{W} \\mathit{X} \\mathit{Y} \\mathit{Z}___\\mathit{a} \\mathit{b} \\mathit{c} \\mathit{d} \\mathit{e} \\mathit{f} \\mathit{g}___\\mathit{h} \\mathit{i} \\mathit{j} \\mathit{k} \\mathit{l} \\mathit{m}___\\mathit{n} \\mathit{o} \\mathit{p} \\mathit{q} \\mathit{r} \\mathit{s} \\mathit{t}___\\mathit{u} \\mathit{v} \\mathit{w} \\mathit{x} \\mathit{y} \\mathit{z}___\\mathit{0} \\mathit{1} \\mathit{2} \\mathit{3} \\mathit{4}___\\mathit{5} \\mathit{6} \\mathit{7} \\mathit{8} \\mathit{9}___Roman typeface___\\mathrm{A} \\mathrm{B} \\mathrm{C} \\mathrm{D} \\mathrm{E} \\mathrm{F} \\mathrm{G}___\\mathrm{H} \\mathrm{I} \\mathrm{J} \\mathrm{K} \\mathrm{L} \\mathrm{M}___\\mathrm{N} \\mathrm{O} \\mathrm{P} \\mathrm{Q} \\mathrm{R} \\mathrm{S} \\mathrm{T}___\\mathrm{U} \\mathrm{V} \\mathrm{W} \\mathrm{X} \\mathrm{Y} \\mathrm{Z}___\\mathrm{a} \\mathrm{b} \\mathrm{c} \\mathrm{d} \\mathrm{e} \\mathrm{f} \\mathrm{g}___\\mathrm{h} \\mathrm{i} \\mathrm{j} \\mathrm{k} \\mathrm{l} \\mathrm{m}___\\mathrm{n} \\mathrm{o} \\mathrm{p} \\mathrm{q} \\mathrm{r} \\mathrm{s} \\mathrm{t}___\\mathrm{u} \\mathrm{v} \\mathrm{w} \\mathrm{x} \\mathrm{y} \\mathrm{z}___\\mathrm{0} \\mathrm{1} \\mathrm{2} \\mathrm{3} \\mathrm{4}___\\mathrm{5} \\mathrm{6} \\mathrm{7} \\mathrm{8} \\mathrm{9}___Fraktur typeface___\\mathfrak{A} \\mathfrak{B} \\mathfrak{C} \\mathfrak{D} \\mathfrak{E} \\mathfrak{F} \\mathfrak{G}___\\mathfrak{H} \\mathfrak{I} \\mathfrak{J} \\mathfrak{K} \\mathfrak{L} \\mathfrak{M}___\\mathfrak{N} \\mathfrak{O} \\mathfrak{P} \\mathfrak{Q} \\mathfrak{R} \\mathfrak{S} \\mathfrak{T}___\\mathfrak{U} \\mathfrak{V} \\mathfrak{W} \\mathfrak{X} \\mathfrak{Y} \\mathfrak{Z}___\\mathfrak{a} \\mathfrak{b} \\mathfrak{c} \\mathfrak{d} \\mathfrak{e} \\mathfrak{f} \\mathfrak{g}___\\mathfrak{h} \\mathfrak{i} \\mathfrak{j} \\mathfrak{k} \\mathfrak{l} \\mathfrak{m}___\\mathfrak{n} \\mathfrak{o} \\mathfrak{p} \\mathfrak{q} \\mathfrak{r} \\mathfrak{s} \\mathfrak{t}___\\mathfrak{u} \\mathfrak{v} \\mathfrak{w} \\mathfrak{x} \\mathfrak{y} \\mathfrak{z}___\\mathfrak{0} \\mathfrak{1} \\mathfrak{2} \\mathfrak{3} \\mathfrak{4}___\\mathfrak{5} \\mathfrak{6} \\mathfrak{7} \\mathfrak{8} \\mathfrak{9}___Calligraphy/Script___\\mathcal{A} \\mathcal{B} \\mathcal{C} \\mathcal{D} \\mathcal{E} \\mathcal{F} \\mathcal{G}___\\mathcal{H} \\mathcal{I} \\mathcal{J} \\mathcal{K} \\mathcal{L} \\mathcal{M}___\\mathcal{N} \\mathcal{O} \\mathcal{P} \\mathcal{Q} \\mathcal{R} \\mathcal{S} \\mathcal{T}___\\mathcal{U} \\mathcal{V} \\mathcal{W} \\mathcal{X} \\mathcal{Y} \\mathcal{Z}___Hebrew___\\aleph \\beth \\gimel \\daleth	Italics	-0.898606811	2
http://fr.wikipedia.org/wiki/Football_Club_F%C3%A9minin_H%C3%A9nin-Beaumont	Parcours du club saison par saison	Bilan saison par saison	2	Division 2	3e (Gr. A)___1er (Gr. A) 1er (Tour Final)___-___-___-___-___-___-___-___-___-___1er (Gr. A)___-	-	-0.880143113	1
http://pt.wikipedia.org/wiki/Copa_Mustang		T??tulos por clube	3	Vices	7 (1960, 1969, 1987, 1991, 1995, 1999 e 2008-I)___10 (1955, 1965, 1971, 1974, 1988, 1990, 1992, 2002-I, 2004-I e 2004-II)___12 (1949, 1962, 1968, 1972, 1976, 1977, 1978, 1980, 1985, 1986, 2003-II e 2006-I)___6 (1948, 1970, 1983, 2000, 2003-I e 2009-I)___4 (1963, 1979, 2005-I e 2013-I)___7 (1959, 1961, 1966, 1993, 2001, 2008-II e 2012-II)___2 (1998 e 2011-II)___5 (1957, 1981, 1982, 2006-II e 2010-II)___2 (1953 e 1954)___2 (2002-II e 2012-I)___1 (1964)___0___0___3 (2007-II, 2010-I e 2011-I)___2 (2007-I e 2009-II)___1 (1997)___1 (2005-II)"	0	-0.901778386	2
http://en.m.wikipedia.org/wiki/List_of_file_signatures			2	Offset	11___0___0___0___0___0___0___0___0___0___0___0___0___0___0___0___0___0___0___0___0___0 or typically 0x1000___0 or typically 0x1000___0___0___0___0___0___0___0___0___0___0___0___0___0x8001, 0x8801 or 0x9001___0___0___0______0"	0	-0.88277027	0
http://es.wikipedia.org/wiki/Campeonato_Mundial_en_Parejas_del_CMLL		Lista de campeones	3	Fecha:	N/A___15 de diciembre de 1994___30 de junio de 1995___3 de noviembre de 1995___6 de agosto de 1996___18 de septiembre de 1996___N/A___2 de febrero de 1997___N/A___29 de agosto de 1997___23 de enero de 1998___N/A___13 de noviembre de 1998___5 de febrero de 1999___26 de febrero de 1999___2 de abril de 1999___N/A___4 de agosto de 2000___2 de noviembre de 2001___31 de mayo de 2002___23 de enero de 2004___19 de marzo de 2004___25 de julio de 2004___2 de abril de 2005___14 de abril de 2006___13 de julio de 2007___20 de julio de 2007___2 de noviembre de 2007___1 de febrero de 2008___10 de marzo de 2008___N/A___23 de mayo de 2008___7 de diciembre de 2008___16 de enero de 2009___16 de julio de 2010___3 de noviembre de 2010___3 de agosto de 2012___13 de noviembre de 2012___5 de julio de 2013___14 de septiembre de 2013	N/A	-0.888709677	1
http://cs.wikipedia.org/wiki/Mistrovstv%C3%AD_Asie_ve_fotbale		Nej??sp????n??j???? t??my	1	V??t??z	3 (1968*, 1972, 1976*)___2 (1956, 1960*)___1 (1980*)___1 (2007)___1 (1964*)___-___-___-___-___-___-___-___-___-___-___-___-"	-	-0.885813149	1
http://no.wikipedia.org/wiki/Linda_Cardellini		Filmografi	2	Role	Lorna___Sara___Oddrey___Cassie Evans___Amber___Becky___Jude___Lauren___June Parker___Leslie Dugger___Lindsay Weir___Ali Warner___Samantha Taggart___Various___Melody Richards___Clara Forsythe___Masseuse___Bliss Goode___Marcie 'Hot Dog Water' Fleach___Dr. Megan Tillman___C.J. (stemme)___Wendy (stemme)	Becky	-0.878181818	0
http://en.m.wikipedia.org/wiki/BMW_3_Series_(E90)	Petrol engines	2010 Model Year update (2010-2012)Edit	2	Type/code	1,995 cc (121.7 cu in) I4 (N43B20/N46B20)___2,996 cc (182.8 cu in) I6 (N53B30)___2,996 cc (182.8 cu in) I6 (N53B30)___2,996 cc (182.8 cu in) I6 (N52B30)___2,996 cc (182.8 cu in) I6 (N52B30)___2,996 cc (182.8 cu in) I6 (N53B30)___2,996 cc (182.8 cu in) I6 (N53B30)___2,979 cc (181.8 cu in) I6 twin scroll turbo (N55B30)___2,979 cc (181.8 cu in) I6 twin scroll turbo (N55B30)___2,979 cc (181.8 cu in) I6 twin scroll turbo (N55B30)___2,979 cc (181.8 cu in) I6 twin scroll turbo (N55B30)___2,979 cc (181.8 cu in) I6 twin turbo (N54B30)___?___?___?___2,979 cc (181.8 cu in) I6 twin turbo (N54B30)___2,979 cc (181.8 cu in) I6 twin turbo (N54B30)"	?	-0.917349218	1
http://en.wikipedia.org/wiki/List_of_Animals_of_Farthing_Wood_characters		Residents of White Deer Park	9	First Appearance	Winter (2x02)___A Hero's Welcome (2x01)___A Hero's Welcome (2x01)___A Hero's Welcome (2x01)___A Hero's Welcome (2x01)___A Joke Backfires (2x05)___A Joke Backfires (2x05)___Comings and Goings (3x01)___Comings and Goings (3x01)___Comings and Goings (3x01)___The Worst Kind of Hurricane (3x11)___Winter (2x02)___Comings and Goings (3x01)___Comings and Goings (3x01)___Comings and Goings (3x01)___New Enemies (2x04) (as Mateless)___Home is where the Heart is (2x06)___A Hero's Welcome (2x01)___A Hero's Welcome (2x01)___New Enemies (2x04)___N/A___N/A___N/A___N/A___N/A___Tiffs and Tempers (3x05)___Comings and Goings (3x01)___Out and About (3x02)___The Missing Fox's Friend (3x04)___The Feud Begins (2x07)___New Enemies (2x04)	N/A	-0.899503722	1
http://en.wikipedia.org/wiki/List_of_private_spaceflight_companies		Manufacturers of space vehicles	6	Maiden flight	?___?___?___?___?___?___?___?___?___?___1989___2013___2009___?___?___?___?___?___?___?___?___2008___2011 (planned)___?___2010___2013 (planned)___?___2012	?	-0.876623377	1
http://fr.wikipedia.org/wiki/Liste_des_d%C3%A9put%C3%A9s_europ%C3%A9ens_de_France_de_la_7e_l%C3%A9gislature		Liste des eurod??put??s	4	Groupe parlementaire europ??en	Verts-ALE___S&D___PPE___Verts-ALE___Verts-ALE___ADLE___S&D___Verts-ALE___PPE___Verts-ALE___PPE___PPE___Verts-ALE___S&D___PPE___Verts-ALE___Verts-ALE___PPE___PPE___PPE___PPE___Verts-ALE___S&D___Verts-ALE___PPE___PPE___PPE___Non-Inscrits___ADLE___S&D___Verts-ALE___ADLE___PPE___S&D___GUE/NGL___S&D___PPE___Verts-ALE___Verts-ALE___PPE___Verts-ALE___PPE___PPE___S&D___PPE___GUE/NGL___Non-Inscrits___Non-Inscrits___ADLE___PPE___GUE/NGL___PPE___GUE/NGL___S&D___Verts-ALE___PPE___PPE___PPE___Verts-ALE___PPE___ADLE___PPE___PPE___ADLE___PPE___S&D___S&D___GUE/NGL___S&D___PPE___ELD___PPE___S&D	ADLE	-0.882480173	0
http://en.wikipedia.org/wiki/Arjun_(Mahabharat_actor)		Filmography	1	Title	Swati___Mazloom___Kanwarlal___Khatron Ke Khiladi___Khuli Khidki___Sher Dil___Zaher___Kal Ki Awaz___Jigar___Tirangaa___Aadmi___Phool Aur Angaar___Mr. Azaad___Aao Pyaar Karen___Brahma___Aa Gale Lag Jaa___Kalyug Ke Avtaar___Karan Arjun___Hum Hain Khalnayak___Saajan Chale Sasural___Mohabbat___Do Ankhen Barah Hath___Vishwavidhaata___Yug___Barood___Mehndi___Maa Kasam___Dada___Arjun Devaa___Gumnam Hai Koi___Jodi No.1___Yeh Raat___Yamla Pagla Deewana 2	Yug	-0.887169568	0
http://en.wikipedia.org/wiki/Colombian_Air_Force		Aircraft inventory	2	Type	Combat/Counter Insurgency___Combat/Counter Insurgency___Trainer___Attack/Trainer___Trainer helicopter___Transport Tanker___Transport Tanker___Transport___Transport___Transport___Utility transport___Tactical transport___Tactical transport___Liaison___Tactical transport___Transport___Transport___Utility transport___Transport___VIP transport___VIP transport___AWACS___Utility helicopter___Transport helicopter___Transport helicopter___Combat helicopter___Transport helicopter and Combat helicopter___reconnaissance___reconnaissance___reconnaissance___reconnaissance___reconnaissance___reconnaissance___reconnaissance___reconnaissance___Airliner___Airliner___Airliner___Airliner	AWACS	-0.911497105	0
http://zh.wikipedia.org/zh-tw/CPU%E6%8F%92%E5%BA%A7		??????????????????????????????	6	????????????	1.27mm___?___?___?___?___?___?___?___?___?___?___?___?___?___?___1.27mm___?___1.27mm___1.27mm___?___1.27mm___?___1.27mm___1.27mm___1.27mm___?___1.09mm x 1.17mm___?___1.09mm x 1.17mm___1.27mm___?	?	-0.88538092	1
http://fr.wikipedia.org/wiki/Liste_des_ast%C3%A9ro%C3%AFdes_(62001-63000)	Ast??ro??des de 62901 ?? 63000	62901-63000	3	D??couvreur	LINEAR___LINEAR___LINEAR___LINEAR___LINEAR___LINEAR___LINEAR___LINEAR___LINEAR___LINEAR___LINEAR___LINEAR___W. K. Y. Yeung___W. K. Y. Yeung___LINEAR___LINEAR___LINEAR___LINEAR___LINEAR___LINEAR___LINEAR___LINEAR___LINEAR___LINEAR___LINEAR___LINEAR___LINEAR___LINEAR___LINEAR___LINEAR___LINEAR___LINEAR___LINEAR___LINEAR___LINEAR___LINEAR___LINEAR___LINEAR___LINEAR___LINEAR___LINEAR___LINEAR___LINEAR___LINEAR___LINEAR___LINEAR___LINEAR___LINEAR___LINEAR___LINEAR___LINEAR___LINEAR___LINEAR___LINEAR___LINEAR___LINEAR___LINEAR___LINEAR___LINEAR___LINEAR___LINEAR___LINEAR___LINEAR___LINEAR___LINEAR___LINEAR___LINEAR___LINEAR___LINEAR___LINEAR___LINEAR___LINEAR___LINEAR___LINEAR___LINEAR___LINEAR___LINEAR___LINEAR___LINEAR___LINEAR___A. J. Cecce___LINEAR___W. K. Y. Yeung___Spacewatch___LINEAR___LINEAR___Spacewatch___C. W. Juels___LINEAR___LINEAR___G. Hug___NEAT___LINEAR___LINEAR___LINEAR___LINEAR___LINEAR___C. W. Juels___Spacewatch	LINEAR	-0.899908173	0
http://en.wikipedia.org/wiki/Comparison_of_instant_messaging_clients		Features	14	Voice messaging	Yes/No___Yes___No___?___No___No___N/A___Yes___No___Yes___?___Yes___Yes___Yes___Yes___Yes___Yes___Yes___No___Yes___Yes___Yes___No___?___Partial___?___Yes___Yes___Partial (XMPP in Linux)___Partial (Linux & Unix)___Yes___Yes___Yes___No___Yes___No___Yes___Yes___Yes___Yes___Yes___Voice messaging	Yes	-0.918767507	0
http://nl.wikipedia.org/wiki/Lijst_van_Romeinse_Keizers		Lijst van keizers	1	Volledige naam	(? Gaius Petronius) Magnus___onbekend___Marcus Antonius Gordianus Sempronianus Romanus Africanus___Marcus Antonius Gordianus Sempronianus Romanus___Marcus Clodius Pupienus Maximus___Decimus Caelius Calvinus Balbinus___Marcus Antonius Gordianus___(? Marcus Asinius) Sabinianus___Marcus Iulius Philippus___Marcus Iulius Severus Philippus___Marcus F(ulvius?) Ru(fus?) Iotapianus___Tiberius Claudius Marinus Pacatianus___Mar Silbannacus___Gaius Messius Quintus Traianus Decius___Gaius Iulius Priscus___Iulius Valens Licinianus___Quintus Herennius Etruscus Messius Decius___Gaius Valens Hostilianus Messius Quintus___Gaius Vibius Trebonianus Gallus___Gaius Vibius Afinius Gallus Veldumnianus Volusianus___Marcus Aemilius Aemilianus___Publius Licinius Valerianus___Lucius Iulius Aurelius Sulpicius Uranius Antoninus___onbekend___Publius Licinius Egnatius Gallienus___Publius Licinius Cornelius Valerianus___Publius Licinius Cornelius Saloninus___onbekend___Publius C(assius?) Regalianus___Titus Fulvius Iunius Macrianus___Titus Fulvius Iunius Quietus___Callistus___Calpurnius Piso Frugi___Valens Thessalonicus___onbekend___Lucius Mussius Aemilianus___onbekend___onbekend___onbekend___Marcus Cassianus Latinius Postumus___Ulpius Cornelius Laelianus___Marcus Aurelius Marius___Marcus Piav(v)onius Victorinus___onbekend___Gaius Pius Esuvius Tetricus___Gaius Pius Esuvius Tetricus___onbekend___Marcus Aurelius Claudius Gothicus___onbekend___Marcus Aurelius Claudius Quintillus___Lucius Domitius Aurelianus___Lucius Iulius Aurelius Septimius Vaballathus Athenodorus___onbekend___onbekend___onbekend___onbekend___Marcus Claudius Tacitus___Marcus Annius Florianus___Marcus Aurelius Probus___Iulius Saturninus___onbekend___onbekend___Marcus Aurelius Carus___Marcus Aurelius Carinus___Marcus Aurelius Numerius Numerianus___Marcus Aurelius Sabinus Iulianus___Volledige naam	onbekend	-0.929577465	0
http://en.wikipedia.org/wiki/List_of_TT_Pro_League_managers		Managers	3	Club	Caledonia AIA___Caledonia AIA___Caledonia AIA___Central FC___Central FC___Defence Force___Defence Force___Defence Force___Defence Force___Defence Force___Doc's Khelwalaas___Doc's Khelwalaas___FC South End___FC South End___FUTGOF___Joe Public___Joe Public___Joe Public___Joe Public___Joe Public___Joe Public___Joe Public___Joe Public___Joe Public___Joe Public___Joe Public___Ma Pau___Ma Pau___Ma Pau___North East Stars___North East Stars___North East Stars___North East Stars___North East Stars___North East Stars___North East Stars___North East Stars___North East Stars___North East Stars___North East Stars___North East Stars___North East Stars___North East Stars___Point Fortin Civic___Police___Police___Police___Police___Police___San Juan Jabloteh___San Juan Jabloteh___San Juan Jabloteh___San Juan Jabloteh___San Juan Jabloteh___San Juan Jabloteh___San Juan Jabloteh___San Juan Jabloteh___San Juan Jabloteh___San Juan Jabloteh___San Juan Jabloteh___South Starworld Strikers___South Starworld Strikers___South Starworld Strikers___St. Ann's Rangers___St. Ann's Rangers___St. Ann's Rangers___Tobago United___T&TEC___T&TEC___T&TEC___United Petrotrin___United Petrotrin___United Petrotrin___W Connection___W Connection___W Connection	FUTGOF	-0.90019861	0
http://es.wikipedia.org/wiki/Campeonato_FIA_GT		Campeones	2	GT2	Oreca - Chrysler Viper GTS-R___Larbre - Porsche 911 GT3-R___JMB Racing - Ferrari 360 Modena___Freisinger - Porsche 911 GT3-RS___Freisinger - Porsche 911 GT3-RSR___Freisinger - Porsche 911 GT3-RSR___Gruppe M - Porsche 911 GT3-RSR___GT2___AF Corse - Ferrari F430___AF Corse - Ferrari F430___-___-	GT2	-0.878070175	0
http://en.wikipedia.org/wiki/Ryde_or_Die_Vol._2		Track listing	4	Performer (s)	Intro: Sheek Louch backing vocals by Method Man Chorus: Sheek Louch, Redman & Method Man Verse 1: Sheek Louch Verse 2: Redman Verse 3: Method Man___Chorus: Eve Verse 1: Eve Verse 2: Jadakiss Verse 3: Eve Verse 4: Jadakiss Outro: Jadakiss & Eve___Chorus: Yung Wun Verse 1: Shiz Lansky Verse 2: Akbar Verse 3: Cassidy______Intro & all verses: Styles P Chorus: Jadakiss & Styles P___Drag-On______Intro & chorus: Busta Rhymes Verse 1: Swizz Beatz Verse 2: Busta Rhymes Verse 3: Swizz Beatz Outro: Swizz Beatz___Intro & all verses: Jadakiss Chorus: Styles P & Jadakiss___Intro: Swizz Beatz Chorus: Twista Verse 1: Twista Verse 2: Drag-On Interlude: Swizz Beatz Verse 3: Twista Verse 4: Drag-On___Intro: Styles P Chorus: Styles P & Sheek Louch Verse 1: Jadakiss Verse 2: Sheek Louch Verse 3: Styles P______Intro: Yung Wun Chorus: Yung Wun backing vocals by Swizz Beatz Verse 1: Yung Wun Verse 2: Trick Daddy Verse 3: Yung Wun___DMX___Parle"	DMX	-0.893686165	0
http://en.wikipedia.org/wiki/3rd_Canadian_Parliament		List of members	0	Electoral district	Algoma___Bothwell___Brant North___Brant South___Brockville___Bruce North___Bruce South___Cardwell___Carleton___Cornwall___Dundas___Durham East___Durham West___Elgin East___Elgin West___Essex___Frontenac___Glengarry___Grenville South___Grey East___Grey North___Grey South___Haldimand___Halton___Hamilton___Hamilton___Hastings East___Hastings North___Hastings West___Huron Centre___Huron North___Huron South___Kent___Kingston___Lambton___Lanark North___Lanark South___Leeds North and Grenville North___Leeds South___Lennox___Lincoln___London___Middlesex East___Middlesex North___Middlesex West___Monck___Muskoka___Niagara___Norfolk North___Norfolk South___Northumberland East___Northumberland West___Ontario North___Ontario South___Ottawa (City of)*___Oxford North___Oxford South___Peel___Perth North___Perth South___Peterborough East___Peterborough West___Prescott___Prince Edward___Renfrew North___Renfrew South___Russell___Simcoe North___Simcoe South___Stormont___Toronto Centre___Toronto East___Victoria North___Victoria South___Waterloo North___Waterloo South___Welland___Wellington Centre___Wellington North___Wellington South___Wentworth North___Wentworth South___West Toronto___York East___York North___York West	Haldimand	-0.903027644	0
http://es.wikipedia.org/wiki/CSD_Municipal		Entrenadores	1	Per??odo(s)	1950-51___1960, 1967___1963-64, 1969, 1970___1965___1973, 1974, 1991-92___1976___1987, 1988___1989___1998___1993-94, Clausura 2000, Apertura 2000, Clausura 2008___Apertura 2001, Clausura 2002, Apertura 2003___Apertura 2004, Clausura 2005, Apertura 2005, Clausura 2006, Apertura 2006___Apertura 2009___Clausura 2010___Apertura 2011"	1976	-0.895324284	2
http://pt.wikipedia.org/wiki/Nokia_6111		??ndice	4	Gera????o	Desconhecida___DCT4___DCT2___DCT4___BB5.0___Desconhecida___Desconhecida___Desconhecida___Desconhecida___DCT4___DCT4___DCT3___DCT4___DCT4___BB5.0___Desconhecida___Desconhecida___DCT4___DCT3___DCT3___Desconhecida___DCT3___DCT3___DCT3___DCT3___DCT3___DCT3___DCT4___DCT4___Desconhecida___DCT4___Desconhecida___Desconhecida___DCT4___DCT4___Desconhecida___Desconhecida___Desconhecida___Desconhecida___DCT4___DCT4___DCT4___Desconhecido___DCT3___DCT4___DCT4___DCT4___DCT3	BB5.0	-0.876096491	2
http://en.wikipedia.org/wiki/Comparison_of_IPv6_application_support		Applications	0	Application	Active Directory___Apache httpd___Cerberus FTP Server___CUPS___ejabberd___FileZilla___IIS___Internet Explorer___Irssi___Java___Konqueror___Linux CIFS VFS___Microsoft DNS___Microsoft SQL Server___Mozilla / SeaMonkey___Mozilla Firefox___Mozilla Thunderbird___MySQL___nginx___Nmap___Nortel Networks VPN client___OpenLDAP___OpenTTD___OpenVPN___Opera___Oracle___Outlook Express___Pidgin___Privoxy___PuTTY___Quagga___rsync___RusHub___Safari___Samba___Simple DNS Plus___Skype___TightVNC___tinc___tinydns___Trillian___UDP Speed Test 3___UploadFTP___Webmin___WeeChat___Wget___Winamp___Windows Media Player___Windows File and print sharing___WWWOFFLE___XChat___xinetd___Cisco AnyConnect	IIS	-0.902641509	0
http://it.wikipedia.org/wiki/Equitazione_ai_Giochi_della_XXIX_Olimpiade_-_Concorso_completo_individuale		Risultati	2	Nazione	Gazelle de la Brasserie___Irish Jester___Courageous Comet___Ben Along Time___Marius___Ava___McKinlaigh___Miners Frolic___Stand By Me___Ismene du Temple___Tankers Town___Colombo___Mr. Medicott___Lord Killinghurst___Poggio II___Bally's Geronimo___Weriusz___King Pin___Gandalf___Chico___Southern King V___Cappa Hill___Parkmore Ed___Rock Model___Lorgaine___Spring Along___Pandora___Bold Action___Gorgeous George___Oncarlos___Hobby du Mee___Karla___Coronado Prior___Silver Ray___The Ghost of Hamish___All Luck___Keymaster___Sugoi___Quick___Escudeiro___Before I Do It___Haston d'Elpegere___Wag___Watership Down___Energiya___Land Heir___Buenos Aires___Kilkishen___Lago Rupanco___Madison Park___Kinzhal___Super Rocky___Elkasar___Tubber Rebel___Livewire___Passat___Fernhill Clover Mist___Totsie	Wag	-0.886879731	0
http://en.wikipedia.org/wiki/Kitty_Winn		Body of Work	2	Play	Curious Savage___Song of Bernadette___Night of the Iquana___Gigi___Shot in the Dark___Measure for Measure___Toys in the Attic___The Rose Tattoo___The Beggars' Opera___The Playboy of the Western World___The Crucible___Thieves' Carnival___Charley's Aunt___Long Day's Journey into Night___Le Misanthrope___Under Milkwood___Rosencrantz and Gilderstern Are Dead___Charley's Aunt___The Three Sisters___Our Town___Glory Hallelujah___The Rose Tattoo___The Tempest___Hamlet___Knuckle (off Broadway premier)___Ring Around the Moon___St. Joan___Othello___Romeo and Juliet___The Last Romance	Gigi	-0.878787879	0
http://en.wikipedia.org/wiki/Patricia_Routledge?editintro=Template:BLP_editintro		Filmography	3	Notes	TV series (6 episodes)___TV series___TV series (5 episodes)___TV series (1 episode: ""Search"")___TV mini-series (4 episodes)___TV series (2 episodes)___TV series (1 episode: ""A Place in the Sun"")___TV series (1 episode: ""Britons to the Rescue or, English Virtue Preserved in South America"")___TV series (3 episodes)___TV series (1 episode)___TV series (1 episode: ""An Absolute Treasure"")___TV series (1 episode: ""The Good & Faithful Servant"")___Originally titled ""Pretty Polly"", starring Hayley Mills as the title role, Polly Barlow___TV movie___TV series (2 episodes)___Soundtrack___TV series (1 episode: ""Hazel and Her New Gas Cooker"")___TV series (2 episodes)___TV series (1 episode: ""Rose and Fern"")___TV series (4 episodes)___TV series (1 episode: ""It's All in the Mind"")___TV movie___TV series (1 episode: ""Driving"")___TV series (1 episode: ""Caught in the Act"")___TV series (1 episode: ""Flora"")___TV series (1 episode: ""Seance in a Wet Rag and Bone Yard"")___TV series (2 episodes)___TV mini-series (3 episodes)___TV series (2 episodes)___TV mini-series (5 episodes)___TV series (1 episode: ""Plain Jane"")___TV series (1 episode: ""The Years Between"")___TV series (1 episode: ""A Visit from Miss Protheroe"")___TV movie___TV series (1 episode: ""Forever: Part 1"")___TV movie___TV series (1 episode: ""The Imitation Game"")___TV movie___TV series (1 episode: ""A Woman of No Importance"")___TV movie___Short___TV series (1 episode)___TV movie___TV series (6 episodes)___TV series (5 episodes)___TV movie___TV series (1 episode: ""The Verger"")___TV mini-series (1 episode: ""A Lady of Letters"")___TV series (3 episodes)___TV movie___TV movie___TV series (1 episode)___TV series___TV series (2 episodes)___TV documentary___TV series (44 episodes)___TV series documentary (1 episode: ""Alastair Sim"", as Patricia Routledge OBE)___TV series (27 episodes)___TV mini-series (1 episode: ""Miss Fozzard Finds Her Feet"")___TV series documentary (1 episode: ""Patricia Routledge"")___TV movie___TV movie___TV documentary___TV movie___TV series documentary (1 episode: ""Keeping Up Appearances"")___TV documentary___TV series documentary (1 episode: ""Alan Bennett"")___Video___TV documentary___TV documentary"	Short	-0.878074534	2
http://da.wikipedia.org/wiki/2N3055-familien		Tabel over 2N3055-lignende transistorer med 2C3055 mikrochip	15	Databladskilder	Mullard Quick Reference Guide 1977/78___ON-Semiconductor___ON-Semiconductor (Motorola produktkode)___STE___STE___KELTRON___Seme Lab___Continental Device India Limited___KELTRON___KELTRON___KELTRON___KELTRON___KELTRON___KELTRON___KELTRON___KELTRON___KELTRON___KELTRON___Mullard Quick Reference Guide 1977/78___Mullard Quick Reference Guide 1977/78___Mullard Quick Reference Guide 1977/78___Seme Lab___Fairchild___Fairchild___Seme Lab (Motorola produktkode)___STMicroelectronics (Motorola produktkode)___Fairchild___Philips (Texas Instruments produktkode)___STMicroelectronics (Texas Instruments produktkode)___Seme Lab___Fairchild___Fairchild___STi	KELTRON	-0.892464468	0
http://fi.wikipedia.org/wiki/Luettelo_tunnetuista_asteroideista			13	Asteroidiluokka	B___V___C___C___F___C___X___D, Troijalainen asteroidi___C___S___C___S___M___C___C___C___F___S___S___S___S___C___S"	C	-0.906832298	0
http://en.wikipedia.org/wiki/2006_NFL_Draft		Notable undrafted players	3	College	LSU___Georgia___Arizona___Monmouth___Hofstra___Northern Illinois___UCF___Utah State___Colorado State___Louisiana Tech___Valdosta State___Colorado___Maine___New Mexico___Utah State___North Texas___Michigan___Illinois___Rutgers___Baylor___Texas	LSU	-0.880503145	0
http://en.wikipedia.org/wiki/Royal_Jordanian_Air_Force		Aircraft Inventory	1	Type	Multirole Fighter Trainer___Fighter Trainer Fighter Trainer___Light Attack Helicopter___Trainer___Trainer___Light utility helicopter___Heavy-Lift Transport___Tactical Transport___Transport Helicopter___Utility Helicopter___SOCOM___SOCOM Gunship___Transport Helicopter___Scout Helicopter___Reconnaissance___Reconnaissance___Light utility___Transport___Transport Helicopter	SOCOM	-0.886247878	0
http://en.wikipedia.org/wiki/GFM1	Gfm1 knockout mouse phenotype	Model organisms	0	Characteristic	Recessive lethal study___Fertility___Body weight___Anxiety___Neurological assessment___Grip strength___Hot plate___Dysmorphology___Indirect calorimetry___Glucose tolerance test___Auditory brainstem response___DEXA___Radiography___Body temperature___Eye morphology___Clinical chemistry___Haematology___Peripheral blood lymphocytes___Micronucleus test___Heart weight___Eye Histopathology___Salmonella infection___Citrobacter infection	DEXA	-0.900255754	0
http://it.wikipedia.org/wiki/Football_League_One_2009-2010		Classifica finale	1	Pt	Leeds___Millwall___Charlton___Swindon Town___Huddersfield Town___Southampton___Colchester Utd___Brentford___Walsall___Bristol Rovers___MK Dons___Brighton & Hove___Carlisle Utd___Yeovil Town___Oldham Athletic___Leyton Orient___Exeter City___Tranmere___Hartlepool Utd___Gillingham___Wycombe___Southend Utd___Stockport County	Walsall	-0.88	0
http://en.wikipedia.org/wiki/Armenian_diaspora	List of countries and territories by Armenian population	Distribution	2	Official data	1,182,388 (2010 census)___483,366 (2011 ACS)___12,355 (2005, born in Armenia)___248,929 (2002 census)___99,894 (2001 census)___N/A___55,354 (1965, Armenian speakers)___N/A___1,227 (2001, born in Armenia)___N/A___50,500 (2006 census)___7,742 (2001, Armenian citizens)___41,907 (2011 census)___10,832 (2001 census)___50,537 (1989 census)___11,706 (2011, Armenian citizens)___11,205 (2011, Armenian citizens)___3,000 (2011 census)___15,791 (2006 census)___N/A___8,512 (2009 census)___31,829 (1989 Soviet census)___183 (2009 census)___11,031 (2010 official est.)___589 (2001, born in Armenia)___161 (2011, Armenian citizens)___N/A___N/A___705 (2011, Armenian citizens)___9,633 (2011, Armenian citizens)___N/A___N/A___2,100 (2011, born in Armenia)___1,672 (2011, born in Armenia)___2,667 (2009, Armenian citizens)___1,780 (2002 census)___2,742 (2008 yearly statistics)___612 (2010, Armenian citizens)___1,402 (2011 census)___666 (2011, Armenian citizens)___605 (2011, born in Armenia)___N/A___5,651 (1989 Soviet census)___N/A___2,873 (1989 Soviet census)___1,477 (2001 census)___N/A___1,341 (2001 census)___1,364 (1999 census)___222 (2011 census)___N/A"	N/A	-0.91714105	1
http://en.wikipedia.org/wiki/2010%e2%80%9311_Liverpool_F.C._season		Transfers	4	To	Juventus___Galatasaray___VFB Stuttgart___PAOK___Notts County___Charlton Athletic___Hull City___Derby County___Tranmere Rovers___Dagenham & Redbridge___Notts County___Racing Genk___Newtown___MK Dons___Hull City___Derby County___Norwich City	PAOK	-0.880455408	0
http://pt.wikipedia.org/wiki/Compara%C3%A7%C3%A3o_entre_distribui%C3%A7%C3%B5es_Linux		Informa????es t??cnicas	4	Arquiteturas suportadas	ext2, ext3, ReiserFS, Reiser4, JFS, XFS___ext2, ext3, ReiserFS, XFS___ext3, JFS, ReiserFS, Reiser4, XFS___JFS, ReiserFS, XFS___ext2, JFS, ReiserFS, XFS___ReiserFS, XFS___ext2, ReiserFS___ext2, ReiserFS___ext2, JFS, ReiserFS, XFS___ext2, GFS, ReiserFS*, JFS*, XFS* (*) Denotam CentOSPlus Repository___ext2___JFS, XFS___ext2, JFS, ReiserFS, XFS___?___JFS, ReiserFS, XFS___ReiserFS___ext2, GFS, JFS, ReiserFS, XFS___ext2, JFS, ReiserFS, XFS___ext2, ext3, ReiserFS, XFS___ext2, ext3, ext4, JFS, VFAT, NTFS, ReiserFS, Reiser4, Squashfs, XFS___ext2, ext3, JFS, XFS___?___ext3, ReiserFS, JFS___ext2, ReiserFS, XFS___ext2, ext3___ext2, ext3, JFS, Reiser4, XFS___ext2, ext3, JFS, ReiserFS, XFS___?___ext2, JFS, ReiserFS, XFS___ext2, JFS, XFS___ext2, JFS, ReiserFS, XFS___FAT16___?___FAT32, ext2, ext3, XFS, ReiserFS, Reiser4___ext2, JFS, ReiserFS___pLFS, FAT, FAT32, ext2, ext3, JFS, RaiserFS, XFS___ext2, JFS, ReiserFS, XFS___JFS, ReiserFS___?___XFS, JFS, ReiserFS___ext2, GFS___ext2___fat, fat32,Ext3, ReiserFS, NTFS, JFS, XFS___fat, fat32,Ext3___ext2, ext3, FAT32, ReiserFS, NTFS___ext2, XFS___JFS, XFS___ext2, JFS, ReiserFS, XFS___ext2, ext3, JFS, Reiser4, XFS___?___ext2, JFS, ReiserFS, XFS___ext2, ext3, JFS, ReiserFS, XFS___ext2, JFS, Reiser4, XFS___JFS, XFS___ext2, ext3, JFS, XFS,"	?	-0.931245225	1
http://en.wikipedia.org/wiki/List_of_former_NTA_Film_Network_affiliates_in_the_United_States	Table of affiliate stations	Stations	0	City	Abilene___Ada___Albany___Albuquerque___Albuquerque___Albuquerque___Alexandria___Alexandria___Allentown___Amarillo___Amarillo___Amarillo___Anchorage___Ashville___Atlanta___Atlanta___Atlanta___Augusta___Augusta___Austin___Austin___Austin___Bakersfield___Bakersfield___Bakersfield___Baltimore___Baltimore___Baltimore___Bangor___Baton Rouge___Baton Rouge___Bay City___Beaumont___Beaumont___Bellingham___Big Spring___Billings___Billings___Billings___Binghamton___Birmingham___Birmingham___Bismarck___Bismarck___Bloomington___Bluefield___Boise___Boston___Boston___Boston___Boston___Bristol___Bryan___Buffalo___Buffalo___Buffalo___Buffalo___Burlington___Cape Girardeau___Carbondale___Carlsbad___Cedar Rapids___Cedar Rapids___Champaign___Charleston___Charleston___Charlotte___Charlotte___Chattanooga___Chicago___Chicago___Chicago___Chico___Cincinnati___Cincinnati___Cincinnati___Clarksburg___Cleveland___Cleveland___Cleveland___Colorado Springs___Colorado Springs___Columbia___Columbia___Columbus___Columbus___Columbus___Columbus___Columbus___Coos Bay___Corpus Christi___Corpus Christi___Corpus Christi___Dallas___Dallas___Dallas___Dallas___Dayton___Dayton___Davenport___Decatur___Decatur___Denver___Denver___Denver___Denver___Denver___Des Moines___Des Moines___Des Moines___Detroit___Detroit___Dickinson___Dothan___Duluth___Duluth___Durham___Eau Claire___Eau Claire___Evansville___El Dorado___El Paso___El Paso___El Paso___Erie___Eugene___Eugene___Eureka___Fairbanks___Fairbanks___Fargo___Fargo___Florence___Fort Myers___Fort Wayne___Fort Wayne___Fort Wayne___Fort Smith___Fresno___Fresno___Garden City___Grand Junction___Grand Rapids___Great Bend___Great Falls___Green Bay___Green Bay___Green Bay___Greensboro___Greenville___Greenville___Hannibal___Harlingen___Harrisburg___Harrisburg___Harrison___Harrisonburg___Hartford___Hartford___Hastings___Hattiesburg___Hayes Center___Hilo___Honolulu___Houston___Houston___Houston___Huntington___Huntington___Idaho Falls___Indianapolis___Indianapolis___Indianapolis___Jackson___Jackson___Jefferson City___Johnson City___Johnstown___Johnstown___Johnstown___Joplin___Juneau___Kalamazoo___Kansas City___Kansas City___Kansas City___Kearney___Knoxville___Knoxville___Lafayette___Lafayette___Lake Charles___Lancaster___Lancaster___Lansing___Laredo___Las Vegas___Lawton___Lexington___Lexington___Lima___Lincoln___Little Rock___Little Rock___Louisville___Louisville___Los Angeles___Los Angeles___Los Angeles___Los Angeles___Lubbock___Lubbock___Madison___Madison___Madison___Manchester___Medford___Memphis___Memphis___Memphis___Meridian___Miami___Miami___Miami___Miami___Midland___Midland___Midland___Milwaukee___Milwaukee___Milwaukee___Minneapolis___Minneapolis___Minneapolis___Minneapolis___Minot___Missoula___Mitchell___Mobile___Mobile___Monroe___Montgomery___Montrose___Muncie___Nashville___Nashville___New Haven___New Orleans___New Orleans___New Orleans___New York City___New York City___New York City___New York City___Norfolk___Norfolk___Oak Hill___Ogden___Oklahoma City___Oklahoma City___Oklahoma City___Omaha___Omaha___Omaha___Orlando___Ottumwa___Panama City___Parkersburg___Peoria___Philadelphia___Philadelphia___Philadelphia___Philadelphia___Phoenix___Phoenix___Phoenix___Phoenix___Pierre___Pinedale___Pittsburg___Pittsburg___Pittsburgh___Pittsburgh___Pittsburgh___Pittsburgh___Plattsburgh___Pocatello___Portland___Portland___Portland___Portland___Portland___Portsmouth___Providence___Providence___Quincy___Raleigh___Reno___Reno___Reno___Reno___Reno___Reno___Richmond___Richmond___Richmond___Riverton___Roanoke___Roanoke___Rochester___Rochester___Rochester___Rock Island___Rockford___Rockford___Roseburg___Roswell___Sacramento___Sacramento___Sacramento___Sacramento___Salinas___Salisbury___Salt Lake City___Salt Lake City___Salt Lake City___Salt Lake City___San Angelo___San Antonio___San Antonio___San Diego___San Diego___San Diego___San Francisco___San Francisco___San Francisco___San Francisco___San Francisco___San Francisco___Santa Barbara___Savannah___Savannah___Schenectady___Scranton___Seattle___Seattle___Seattle___Seattle___Shreveport___Shreveport___Shreveport___Sioux City___Sioux City___Sioux Falls___Sioux Falls___Sitka___South Bend___South Bend___Spartanburg___Spokane___Spokane___Spokane___Springfield___Springfield___Springfield___Springfield___St. Joseph___St. Louis___St. Louis___St. Louis___Steubenville___Sweetwater___Syracuse___Syracuse___Tacoma___Tallahassee___Tampa___Tampa___Temple___Terre Haute___Toledo___Toledo___Topeka___Traverse City___Tucson___Tucson___Tucson___Tulsa___Tulsa___Tulsa___Twin Falls___Waco___Wailuku___Washington___Washington___Washington___Washington___Waterbury___Waterloo___Watertown___Wausau___Weslaco___West Palm Beach___West Palm Beach___Wheeling___Wichita___Wichita___Wichita___Wichita Falls___Wichita Falls___Wilkes-Barre___Wilkes Barre___Wilmington___Winston-Salem___York___Yuma___Yuma___Zanesville	Wausau	-0.883595352	0
http://pl.wikipedia.org/wiki/Mistrzostwa_Europy_junior%C3%B3w_do_lat_16_w_szachach		Medali??ci mistrzostw Europy junior??w do lat 16	4	??r??d??a	""Szachy"" nr 4/1989, str. 95___""Szachista"" nr 9/1991, str. 285___""Szachista"" nr 11/1992, str. 325___""Szachista"" nr 9/1993, str. 258___""Szachista"" nr 8/1994, str. 228___""Szachista"" nr 8/1995, str. 229___""Szachista"" nr 9/1996, str. 265___""Szachista"" nr 10/1997, str. 309___""Szachista"" nr 10/1998, str. 259___[1]___[2]___[3]___[4]___[5]___[6] [7]___[8]___[9]___[10] [11]___[12] [13]___[14] [15]___[16] [17]___[18] [19]___[20] [21]___[22] [23]"	[4]	-0.879251701	2
http://ar.wikipedia.org/wiki/%D9%83%D8%A3%D8%B3_%D8%A2%D8%B3%D9%8A%D8%A7		??????????????	1	??????????	3 (1984, 1988, 1996)___3 (1968*, 1972, 1976*)___2 (1956, 1960*)___1 (1980*)___1 (2007)___-___-___-___-___-___-___-___-___-___-___-___-___-"	-	-0.888888889	1
http://en.wikipedia.org/wiki/List_of_former_theatres_in_Boston		Contents	1	Year Established	19th century___20th century___20th century___19th century___20th century___1883___1888___1862___20th century___1874___1882___1792___1860___20th century___20th century___1841___1845___1909___1854___19th century___1810___19th century___1894___1883___1901___20th century___1891___1795___1752___1860s___20th century___1914___19th century___20th century___1840s___20th century___20th century___20th century___1914___1794___20th century___1879 circa___20th century___1878___1908___20th century___1871___1903___20th century___20th century___19th century___19th century___1888___1840___1796___1885___1845___1845___20th century___20th century___19th century___1894___1920s___20th century___1836___19th century___1892___20th century___1839___1836___1911___1818___20th century___1894___19th century___1879 circa___1852___19th century___19th century___1915___1879___1911___19th century___1905 circa___1930s___20th century___19th century___1913___1867___1921___20th century___20th century___20th century___19th century___20th century___1860s___1906___1914___1827___1860s___1889___20th century___20th century___19th century___1833___20th century___1842___1855 circa___1881 circa___1884___1896	1845	-0.88667615	2
http://it.wikipedia.org/wiki/Elenco_delle_vittorie_del_Palio_di_Castel_del_Piano			0	Palio	1969___1970___1971___1972___1973___1974___1975___1976___1977___1978___1979___1980___1981___1982___1983___1984___1985___1986___1987___1988___1989___1990 (straordinario)___1990___1991___1992___1993___1994___1995___1996___1997___1998___1999___2000 (straordinario)___2000___2001___2002___2003___2004___2005___2006___2007___2008___2009___2010___2011___2012___2013	1971	-0.895676047	0
http://en.wikipedia.org/wiki/Enigma_rotor_details	Rotor Wiring	Rotor wiring tables	0	Rotor #	IIC___IIIC___Rotor #___I___II___III___UKW___ETW___Rotor #___I-K___II-K___III-K___UKW-K___ETW-K___Rotor #___I___II___III___IV___V___VI___VII___VIII___Rotor #___Beta___Gamma___Reflector B Thin___Reflector C Thin___ETW	VII	-0.888275862	0
http://en.wikipedia.org/wiki/2013%E2%80%9314_Saint_Francis_Red_Flash_men%27s_basketball_team		Schedule	2	Opponent#	vs. Navy___at Dayton___at Bucknell___at George Mason___at Colgate___American___Lehigh___at Cornell___Duquesne___at Drexel___at Denver___NJIT___at Bryant___at Central Connecticut___at Robert Morris___Wagner___Mount St. Mary's___Sacred Heart___Central Connecticut___Fairleigh Dickinson___at St. Francis Brooklyn___at LIU Brooklyn___Robert Morris___at Fairleigh Dickinson___St. Francis Brooklyn___LIU Brooklyn___at Wagner___at Mount St. Mary's___	Lehigh	-0.887142857	0
http://en.wikipedia.org/wiki/List_of_rampage_killers_(Europe)			5	Killed	U.K.___France___Switzerland___German Reich___France___France___Russian Empire___Serbia___U.K.___Spain___Sweden___Spain___Croatia___Italy___Serbia___Russia___Lithuania___Russian Empire___France___Italy___Slovakia___Switzerland___Spain___France___Spain___Poland___Belgium___Luxembourg___Spain___Portugal___Sweden___Latvia___Croatia___France___Poland___Holy Roman Empire___Russian Empire___Belgium___Netherlands___Germany___Switzerland___France___Netherlands___Spain___Russia___Austria-Hungary___France___Bosnia-Herzegovina___Russia___Austria___Russia___Bulgaria___Belgium___Italy___Austria-Hungary___Italy___Germany France___Russia___Sweden___Sweden___France___Croatia___France___Italy___France___Russia___Germany___Italy___Belgium___Germany___Italy___Italy___Russia___Spain___Italy___Italy___Austria___Spain___Austria-Hungary___Belgium___U.K.___Spain___U.K.	U.K.	-0.892847988	0
http://en.m.wikipedia.org/wiki/Unmanned_combat_air_vehicle		Future modelsEdit	0	Name	Eitan___Harop___Burraq___AURA___Taranis (TD)___Dassault nEUROn (TD)___Rustom (TD)___Avenger___X-47A (TD)/B (TD)/C___Armstechno Dulo (TD)___Bateleur (TD)___Anka___Ra'd___Karrar___Sofreh Mahi___Shahed 129___Barracuda (TD)___Skat	Ra'd	-0.883512545	0
http://en.wikipedia.org/wiki/1988_in_country_music		Top new album releases	3	Record Label	MTM___Columbia___Capitol/Curb___Capitol___RCA___Hightone___Airborne___Warner Bros.___MCA___Warner Bros.___Capitol___MCA___Warner Bros.___RCA___MCA___RCA___Windstar___Capitol___16th Avenue___MCA___RCA___Capitol___16th Avenue___Curb___MCA___Step One___MCA___MCA___MCA___MCA___K-Tel___Curb___Warner Bros.___Capitol___MCA___Curb/MCA___Curb/MCA___Columbia___Warner Bros.___MCA___A&M___Mercury___MCA___Mercury___Epic___Capitol/Curb___MCA___Warner Bros.___Warner Bros.	MCA	-0.876476907	0
http://en.wikipedia.org/wiki/Kilo-class_submarine	Project 877 ?�? significant dates	Possible operators	5	Laid down	22 February 1981___23 February 1982___23 February 1983___07 May 1983___06 October 1982___24 August 1983___20 April 1984___1984___1984___29 May 1983___06 May 1985___15 October 1984___01 April 1986___1985}___4 April 1986___1986___1986___15 May 1987___21 March 1987___1987___20 April 1988___29 September 1986___15 April 1988___05 March 1987___05 April 1989___26 May 1989___25 February 1988___06 April 1990___17 May 1988___26 October 1988___5 May 1990___05 April 1991___07 May 1991___03 November 1989___08 May 1992___30 April 1992___22 April 1993___???___???___05 February 1992___16 February 1995___12 December 1998	???	-0.880952381	1
http://en.wikipedia.org/wiki/Open_the_Triangle_Gate_Championship		Title history	1	Wrestlers (Individual reigns)	Blood Generation CIMA (0), Naruki Doi (0) & Shingo Takagi (0)___Do FIXER Dragon Kid (1), Genki Horiguchi (1) & Ryo Saito (1)___Blood Generation CIMA (1), Naruki Doi (1) & Don Fujii (1)___Do FIXER Dragon Kid (2), Genki Horiguchi (2) & Ryo Saito (2)___Blood Generation CIMA (2), Magnitude Kishiwada (1) & Masato Yoshino (2) (Masato Yoshino formerly YOSSINO)___Vacated___Blood Generation BxB Hulk (1), CIMA (3) & Jack Evans (1)___Do FIXER Dragon Kid (3), Genki Horiguchi (3) & Ryo Saito (3)___Muscle Outlaw'z Naruki Doi (2), Gamma (1) & Masato Yoshino (3)___Pos.HEARTS BxB Hulk (2), Anthony W. Mori (2) & Super Shisa (1)___Muscle Outlaw'z Naruki Doi (3), Gamma (2) & Masato Yoshino (4)___Typhoon CIMA (4), Ryo Saito (4) & Susumu Yokosuka (1)___Muscle Outlaw'z Naruki Doi (4), Gamma (3) & Magnitude Kishiwada (2)___Typhoon CIMA (5), Ryo Saito (5) & Susumu Yokosuka (2)___New Hazard BxB Hulk (3), Cyber Kong (1) & Shingo Takagi (1)___Vacated___Muscle Outlaw'z Naruki Doi (5), Magnitude Kishiwada (3) & Masato Yoshino (5)___Mushozoku Masaaki Mochizuki (1), Don Fujii (2)and K-ness (1)___New Hazard BxB Hulk (4), Cyber Kong (2) & Shingo Takagi (2)___Vacated___Real Hazard Gamma (4), Shingo Takagi (3) & YAMATO (1)___Tozawajuku Keni'chiro Arai (1), Taku Iwasa (1) & Shinobu (1)___Real Hazard Gamma (5), Yasushi Kanda (1) & YAMATO (2)___Zetsurins Masaaki Mochizuki (2),Don Fujii (3) and Magnitude Kishiwada (4)___KAMIKAZE Dragon Kid (4), Shingo Takagi (4) and Taku Iwasa (2)___WARRIORS-5 CIMA (6), Gamma (6) & KAGETORA (1)___WORLD-1 Masato Yoshino (6), BxB Hulk (5) & PAC (1)___Zetsurins Masaaki Mochizuki (3) , Don Fujii (4) and Akebono (1)___Deep Drunkers Takuya Sugawara (1), Yasushi Kanda (2) and Kzy (1)___WARRIORS CIMA (7), Gamma (7) & Genki Horiguchi (4)___WORLD-1 Naruki Doi (6), Naoki Tanizaki (1) & PAC (2)___WARRIORS CIMA (8), Gamma (8) & Genki Horiguchi (5)___Naoki Tanizaki (2), Takuya Sugawara (2) & Yasushi Kanda (3)___Blood Warriors CIMA (9), Dragon Kid (5) and Ricochet (1)___Vacated___Junction Three Masato Yoshino (7), YAMATO (3) and Gamma (9)___Blood Warriors Kzy (2), Naoki Tanizaki (3) and Naruki Doi (7)___Vacated___Jimmys Genki Horiguchi H.A.Gee.Mee!! (6), Jimmy Kanda (4) and Ryo ""Jimmy"" Saito (6)___World-1 International Masato Yoshino (8), Naruki Doi (8) and Pac (3)___Vacated___Mad Blankey Akira Tozawa, BxB Hulk (6) and Naoki Tanisaki___Kaettekita Veteran-gun Gamma (10), HUB and Magnitude Kishiwada (5)___World-1 International Masato Yoshino (9), Naruki Doi (9) and Shachihoko BOY___Jimmyz Genki Horiguchi H.A.Gee.Mee!! (7), Mr. Kyu Kyu Toyonaka Dolphin/Naoki Tanizaki (4) and Ryo ""Jimmy"" Saito (7)___World-1 International Naruki Doi (10), Rich Swann and Shachihoko BOY (2)___M2K Masaaki Mochizuki (4), Jimmy Susumu (3) and K-Ness (2)___Jimmyz Genki Horiguchi H.A.Gee.Mee!! (8), Jimmy Kanda (5) and Ryo ""Jimmy"" Saito (8)___Oretachi Veteran-gun Dragon Kid (6), K-Ness (3) and Masaaki Mochizuki (5)___Vacated___Mad Blankey BxB Hulk (7), Cyber Kong (3) and YAMATO (4)"	Vacated	-0.90738423	0
http://en.wikipedia.org/wiki/CSI:_Crime_Scene_Investigation_(season_13)?oldid=cur		Notable cast members	3	Recurring cast	N/A___N/A___N/A___N/A___N/A___N/A___N/A___N/A___N/A___N/A___entire season___1 episode___entire season___2 episodes___2 episodes (voice)___1 episode___1 episode___1 episode	N/A	-0.876984127	1
http://en.wikipedia.org/wiki/Pyr%C3%A9n%C3%A9es-Atlantiques%27_2nd_constituency		Results	0	2007 legislative election: Pyr??n??es-Atlantiques' 2nd constituency - 1st round | Party	PS___Hunting, Fishing, Nature, Traditions___FN___The Greens___PCF___Revolutionary Communist League___Movement for France___LO___Regionalist___Other___National Republican Movement___Miscellaneous far right___Miscellaneous far left___UDF___PS"	FN	-0.892753623	0
http://fr.wikipedia.org/wiki/Fortune_1000_(classement_2006)		801-900	1	Nom	Vectren___Southern Union___Martin Marietta Materials___Amerco___Spansion___Perot Systems___Sequa___Quanex___Petco Animal Supplies___Packaging Corp. of America___International Flavors and Fragrances___Spherion___Movie Gallery___American Power Conversion___Werner Enterprises___Adobe Systems___SkyWest___Andrew___Nortek___Univision Communications___Texas Industries___Hillenbrand Industries___Terra Industries___American Greetings___Select Medical___Joy Global___Chiron___LSI Logic___National Semiconductor___Scientific-Atlanta___Phillips-Van Heusen___CF Industries___LifePoint Hospitals___Pall___Pier 1 Imports___Commerce Group___Tellabs___Jo Ann Stores___ProLogis___Biomet___WellCare Health Plans___Polaris Industries___Maverick Tube___Rush Enterprises___Medical Mutual of Ohio___Arkansas Best___Pacer International___Quanta Services___William Lyon Homes___Tecumseh Products___Applera___Ferrellgas Partners___Sunrise Senior Living___Magellan Health Services___Amphenol___AMC Entertainment___Nextel Partners___UST___Cabela's___Superior Essex___Guitar Center___Quiksilver___Toro___King Pharmaceuticals___C.R. Bard___Dow Jones___Symbol Technologies___Indymac Bancorp___Newfield Exploration___Piedmont Natural Gas___IMS Health___Deluxe___Cenveo___Marsh Supermarkets___NII Holdings___Las Vegas Sands___Cleveland-Cliffs___Service Corporation International___NBTY___Church & Dwight___JLG Industries___Rock-Tenn___Perini___Moody's___Mueller Industries___Men's Wearhouse___Applied Industrial Technologies___Flowers Foods___Dentsply International___Southwest Gas___Mutual of America Life___Coach___Ohio Casualty___Metal Management___JetBlue Airways___PerkinElmer___Selective Insurance Group___Thomas & Betts___Genesis HealthCare	NBTY	-0.953902663	0
http://ar.wikipedia.org/wiki/%D9%85%D9%84%D8%AD%D9%82:%D8%A3%D9%81%D8%B6%D9%84_%D9%85%D9%86%D8%AA%D8%AE%D8%A8_%D8%A5%D9%81%D8%B1%D9%8A%D9%82%D9%8A_%D9%84%D9%84%D8%B3%D9%86%D8%A9		?????????? ?????????????? ????????????	2	?????? ??????????	4 (1980 - 1981 - 1982 - 2009)___4 (1995 - 1999 - 2004 - 2005)___3 (1985 - 1986 - 1997)___3 (1984 - 1988 - 2000)___3 (1983 - 2006 - 2010)___3 (2001 - 2002 - 2007)___2 (1998 - 2008)___1 (1992)___1 (2012)___1 (2011)___1 (1996)___0___0___0___0___0___0	0	-0.885813149	0
http://en.wikipedia.org/wiki/South_Australian_Amateur_Football_League		Current Clubs	0	Club	Adelaide University___Angle Vale___Athelstone___Blackfriars OS___Brahma Lodge___Broadview___CBC Old Collegians___Central United___Colonel Light Gardens___Eastern Park___Elizabeth___Fitzroy___Flinders Park___Flinders University___Gaza___Gepps Cross___Glenunga___Golden Grove___Goodwood Saints___Greenacres___Hectorville___Henley___Hope Valley___Houghton Districts___Ingle Farm___Kenilworth___Kilburn___Lockleys___Mawson Lakes___Mitcham___Mitchell Park___Modbury___North Haven___North Pines___Old Ignatians___Ovingham___Para Hills___Paralowie___Payneham Norwood Union___Pembroke OS___PHOS Camden___Plympton___Pooraka___Port District___Portland___Prince Alfred OC___Pulteney OS___Rosewater___Rostrevor OC___Sacred Heart OC___Salisbury___Salisbury North___Salisbury West___Scotch OC___Seaton Ramblers___Smithfield___SMOSH West Lakes___St. Peters OC___Tea Tree Gully___Trinity OS___Unley___Walkerville___West Croydon___Westminster OS___Wingfield Royals___Woodville South	Glenunga	-0.888765706	0
http://en.wikipedia.org/wiki/List_of_Speakers_of_the_Minnesota_House_of_Representatives		State	3	Left office	1861___1862___1863___1864___1865___1866___1868___1869___1871___1874___1876___1877___1879___1885___1887___1889___1891___1893___1895___1897___1899___1901___1903___1905___1907___1909___1911___1913___1915___1917___January 1919___January 1925___January 1931___January 1933___January 1935___January 1937___January 1939___January 1949___January 6, 1955___January 5, 1959___January 7, 1963___January 1971___January 1973___January 1979___January 1980___January 1985___January 1987___June 1987___January 6, 1992___September 15, 1993___January 1997___January 1999___January 2007___January 2011___January 8, 2013___"	1913	-0.8784689	0
http://en.wikipedia.org/wiki/Comparison_of_JavaScript-based_source_code_editors	List of source code editor features	List of features	2	CodeMirror	JS, CSS, XML, mixed mode, PHP, SPARQL; community-extended with new parsers: Python, Lua, Ruby___Some___Yes___Yes___Yes___either automatically, or block-level indent/unindent___Yes___through API/add-on___Yes___through API/add-on___example___Yes___fully configurable___Yes___via API___No___No___CSS-based themes___Yes___No___No___Yes___Yes"	Yes	-0.902036324	0
http://it.wikipedia.org/wiki/Prima_Divisione_1948-1949		Lombardia	1	Pt	???___???___???___???___???___???___???___U.S. Pizzighettonese, Pizzighettone___???___U.S. Montichiari, Montichiari___???___???___U.S. Pergolettese, Crema"	???	-0.888569375	1
http://nl.wikipedia.org/wiki/Keisuke_Honda		Interlandcarri??re	4	Competitie	Kwalificatie Asian Cup 2011___Vriendschappelijk___Vriendschappelijk___Kwalificatie WK 2010___Kwalificatie WK 2010___Vriendschappelijk___Vriendschappelijk___Vriendschappelijk___Vriendschappelijk___Vriendschappelijk___Kwalificatie Asian Cup 2011___Vriendschappelijk___Vriendschappelijk___Vriendschappelijk___WK 2010___WK 2010___WK 2010___WK 2010___Vriendschappelijk___Vriendschappelijk___Vriendschappelijk___Vriendschappelijk___Asian Cup 2011___Asian Cup 2011___Asian Cup 2011___Asian Cup 2011___Asian Cup 2011___Vriendschappelijk___Vriendschappelijk___Vriendschappelijk___Vriendschappelijk___Kwalificatie WK 2014___Kwalificatie WK 2014___Kwalificatie WK 2014___Vriendschappelijk___Vriendschappelijk___Kwalificatie WK 2014___Vriendschappelijk___Kwalificatie WK 2014___Vriendschappelijk___Kwalificatie WK 2014___Confederations Cup___Confederations Cup___Confederations Cup___Vriendschappelijk___Vriendschappelijk___Vriendschappelijk	WK 2010	-0.904857487	0
